{"q_table": {"getFeaturesForProduct": {"productName": -8.715036465724383}, "addFeatureToProduct": {"productName": 10.113361017364927, "featureName": 10.113967099467455, "description": 10.19814395550906}, "updateFeatureOfProduct": {"productName": 10.704606415455814, "featureName": 10.704615808578904, "description": 10.80221675960396}, "deleteFeatureOfProduct": {"productName": 6.937599352743846, "featureName": 6.964146613236061}, "getAllProducts": {}, "getProductByName": {"productName": -6.4789309828385875}, "addProduct": {"productName": 2.1358899025391573}, "deleteProductByName": {"productName": -0.48189830679306817}, "getConfigurationWithNameForProduct": {"productName": 1.250962623044525, "configurationName": 1.2634363280342145}, "addConfiguration": {"productName": 9.41908332810699, "configurationName": 9.445012712450543}, "deleteConfiguration": {"productName": 6.871551349793785, "configurationName": 6.89545104437291}, "getConfigurationsForProduct": {"productName": -8.492060724809587}, "addFeatureToConfiguration": {"productName": 10.613951437498436, "configurationName": 10.635573587047984, "featureName": 10.644376596490616}, "deleteFeature": {"productName": 11.264359565054834, "configurationName": 11.289262236475672, "featureName": 11.301092951607124}, "getConfigurationActivedFeatures": {"productName": 0.290520410831472, "configurationName": 0.2977723742380485}, "deleteConstraint": {"productName": 2.7774220304169615, "constraintId": 2.7835310330233156}, "addRequiresConstraintToProduct": {"productName": 8.654319867329562, "sourceFeature": 8.956355850261398, "requiredFeature": 8.888798726080948}, "addExcludesConstraintToProduct": {"productName": 7.802412945891343, "sourceFeature": 8.474349925245582, "excludedFeature": 8.238688468389004}}, "q_value": {"getFeaturesForProduct": {"response": 0, "request": 0, "random": 0, "specification": 248, "default": 0}, "addFeatureToProduct": {"response": 0, "request": 0, "random": 0, "specification": 74, "default": 0}, "updateFeatureOfProduct": {"response": 0, "request": 0, "random": 0, "specification": 56, "default": 0}, "deleteFeatureOfProduct": {"response": 0, "request": 0, "random": 0, "specification": 78, "default": 0}, "getAllProducts": {"response": 0, "request": 0, "random": 0, "specification": 209, "default": 0}, "getProductByName": {"response": 0, "request": 0, "random": 0, "specification": 224, "default": 0}, "addProduct": {"response": 0, "request": 0, "random": 0, "specification": 127, "default": 0}, "deleteProductByName": {"response": 0, "request": 0, "random": 0, "specification": 156, "default": 0}, "getConfigurationWithNameForProduct": {"response": 0, "request": 0, "random": 0, "specification": 141, "default": 0}, "addConfiguration": {"response": 0, "request": 0, "random": 0, "specification": 54, "default": 0}, "deleteConfiguration": {"response": 0, "request": 0, "random": 0, "specification": 77, "default": 0}, "getConfigurationsForProduct": {"response": 0, "request": 0, "random": 0, "specification": 245, "default": 0}, "addFeatureToConfiguration": {"response": 0, "request": 0, "random": 0, "specification": 39, "default": 0}, "deleteFeature": {"response": 0, "request": 0, "random": 0, "specification": 33, "default": 0}, "getConfigurationActivedFeatures": {"response": 0, "request": 0, "random": 0, "specification": 149, "default": 0}, "deleteConstraint": {"response": 0, "request": 0, "random": 0, "specification": 123, "default": 0}, "addRequiresConstraintToProduct": {"response": 0, "request": 0, "random": 0, "specification": 110, "default": 0}, "addExcludesConstraintToProduct": {"response": 0, "request": 0, "random": 0, "specification": 135, "default": 0}}}