{"q_table": {"check": {"text": -89.71367240035985, "data": -89.7492524739458, "language": -89.76908342832955, "altLanguages": -89.75525892363123, "motherTongue": -89.72352569178823, "preferredVariants": -89.70917980003314, "enabledRules": -89.73739860967085, "disabledRules": -89.72720506450753, "enabledCategories": -89.73388552401578, "disabledCategories": -89.73036008760485, "enabledOnly": -89.74640744839952}, "languages": {}}, "q_value": {"check": {"response": 0, "request": 0, "random": 0, "specification": 5532, "default": 0}, "languages": {"response": 0, "request": 0, "random": 0, "specification": 5714, "default": 0}}}