{"q_table": {"check": {"text": -55.9933857509665, "data": -55.945980520966145, "language": -56.165983084326996, "altLanguages": -55.87433453814218, "motherTongue": -55.99582967004191, "preferredVariants": -55.98498433808085, "enabledRules": -55.941407366131855, "disabledRules": -55.98534229855316, "enabledCategories": -56.01612891728152, "disabledCategories": -55.98109635760873, "enabledOnly": -55.95438847324736}, "languages": {}}, "q_value": {"check": {"response": 0, "request": 0, "random": 0, "specification": 1956, "default": 0}, "languages": {"response": 0, "request": 0, "random": 0, "specification": 2044, "default": 0}}}