{"q_table": {"check": {"text": -80.42777680431982, "data": -80.39932472683142, "language": -80.49922888012706, "altLanguages": -80.44876594762968, "motherTongue": -80.42187040917001, "preferredVariants": -80.4352258609021, "enabledRules": -80.42632153424846, "disabledRules": -80.43677456369315, "enabledCategories": -80.43037689714104, "disabledCategories": -80.43838280642852, "enabledOnly": -80.44098572192685}, "languages": {}}, "q_value": {"check": {"response": 0, "request": 0, "random": 0, "specification": 3949, "default": 0}, "languages": {"response": 0, "request": 0, "random": 0, "specification": 4051, "default": 0}}}