{"q_table": {"getFeaturesForProduct": {"productName": 15.792864571010583}, "addFeatureToProduct": {"productName": 21.832399702094992, "featureName": 21.857540802833043, "description": 21.88729815812217}, "updateFeatureOfProduct": {"productName": 31.89571844475762, "featureName": 31.930964968617133, "description": 31.218262650404885}, "deleteFeatureOfProduct": {"productName": 27.27237835074956, "featureName": 27.309138622276684}, "getAllProducts": {}, "getProductByName": {"productName": 16.348540642754667}, "addProduct": {"productName": -1.5416871512032093}, "deleteProductByName": {"productName": 19.311309345727164}, "getConfigurationWithNameForProduct": {"productName": -2.179453027180666, "configurationName": -2.2005555106465584}, "addConfiguration": {"productName": 17.257195737597684, "configurationName": 17.29910859170775}, "deleteConfiguration": {"productName": 31.519526749163205, "configurationName": 31.552428854055073}, "getConfigurationsForProduct": {"productName": -2.3450314831335346}, "addFeatureToConfiguration": {"productName": 33.01245202289853, "configurationName": 33.03639851321454, "featureName": 33.060319772688096}, "deleteFeature": {"productName": 35.493059044777205, "configurationName": 35.516088613629975, "featureName": 35.539111173074716}, "getConfigurationActivedFeatures": {"productName": 27.796578779907666, "configurationName": 27.83424412821408}, "deleteConstraint": {"productName": 1.016301077309315, "constraintId": 1.0040023989123745}, "addRequiresConstraintToProduct": {"productName": 16.440637530502013, "sourceFeature": 16.541215107857965, "requiredFeature": 16.499225406819846}, "addExcludesConstraintToProduct": {"productName": 14.659005235491438, "sourceFeature": 14.482470358318853, "excludedFeature": 14.538412116656541}}, "q_value": {"getFeaturesForProduct": {"response": -19, "request": -3, "random": 0, "specification": 0, "default": 0}, "addFeatureToProduct": {"response": -87, "request": 1, "random": 0, "specification": 0, "default": 0}, "updateFeatureOfProduct": {"response": -192, "request": -5, "random": 0, "specification": -1, "default": 0}, "deleteFeatureOfProduct": {"response": -139, "request": -3, "random": 0, "specification": 0, "default": 0}, "getAllProducts": {"response": 232, "request": 12, "random": 0, "specification": 2, "default": 0}, "getProductByName": {"response": -29, "request": 6, "random": 0, "specification": -11, "default": 0}, "addProduct": {"response": 162, "request": 6, "random": 0, "specification": 2, "default": 0}, "deleteProductByName": {"response": -20, "request": -32, "random": 0, "specification": -30, "default": 0}, "getConfigurationWithNameForProduct": {"response": 176, "request": 1, "random": 0, "specification": 0, "default": 0}, "addConfiguration": {"response": -31, "request": 1, "random": 0, "specification": -1, "default": 0}, "deleteConfiguration": {"response": -192, "request": -2, "random": 0, "specification": 0, "default": 0}, "getConfigurationsForProduct": {"response": 174, "request": 4, "random": 0, "specification": 2, "default": 0}, "addFeatureToConfiguration": {"response": -200, "request": -3, "random": 0, "specification": -2, "default": 0}, "deleteFeature": {"response": -236, "request": -3, "random": 0, "specification": -1, "default": 0}, "getConfigurationActivedFeatures": {"response": -147, "request": -1, "random": 0, "specification": 0, "default": 0}, "deleteConstraint": {"response": 134, "request": 5, "random": 0, "specification": 4, "default": 0}, "addRequiresConstraintToProduct": {"response": -11, "request": -1, "random": 0, "specification": 1, "default": 0}, "addExcludesConstraintToProduct": {"response": -2, "request": 2, "random": 0, "specification": -1, "default": 0}}}