{"q_table": {"getFeaturesForProduct": {"productName": 16.196912625351402}, "addFeatureToProduct": {"productName": 22.563173947823334, "featureName": 22.592147097580803, "description": 22.530953134641468}, "updateFeatureOfProduct": {"productName": 35.63764518329163, "featureName": 35.666768460358696, "description": 35.2070836212668}, "deleteFeatureOfProduct": {"productName": 30.639543113136945, "featureName": 30.67590434983689}, "getAllProducts": {}, "getProductByName": {"productName": 16.744589943787044}, "addProduct": {"productName": -8.628201394915932}, "deleteProductByName": {"productName": 20.471063572183585}, "getConfigurationWithNameForProduct": {"productName": -9.019822649961396, "configurationName": -9.01526983656556}, "addConfiguration": {"productName": 18.669654730751517, "configurationName": 18.69890418364943}, "deleteConfiguration": {"productName": 36.27026588013999, "configurationName": 36.300297738838715}, "getConfigurationsForProduct": {"productName": -9.075849243404587}, "addFeatureToConfiguration": {"productName": 37.522317111319765, "configurationName": 37.54329298228023, "featureName": 37.56258166205254}, "deleteFeature": {"productName": 39.50719228413169, "configurationName": 39.52910697179866, "featureName": 39.55023771231559}, "getConfigurationActivedFeatures": {"productName": 32.27050932024723, "configurationName": 32.301655378826176}, "deleteConstraint": {"productName": -2.0859179785897335, "constraintId": -2.069500269313271}, "addRequiresConstraintToProduct": {"productName": 16.364331963393063, "sourceFeature": 16.484994570491416, "requiredFeature": 16.711674971098542}, "addExcludesConstraintToProduct": {"productName": 15.165874237976714, "sourceFeature": 15.149386471435555, "excludedFeature": 15.076161402379606}}, "q_value": {"getFeaturesForProduct": {"response": -33, "request": -3, "random": 0, "specification": 0, "default": 0}, "addFeatureToProduct": {"response": -108, "request": 1, "random": 0, "specification": 0, "default": 0}, "updateFeatureOfProduct": {"response": -253, "request": -5, "random": 0, "specification": -1, "default": 0}, "deleteFeatureOfProduct": {"response": -191, "request": -3, "random": 0, "specification": 0, "default": 0}, "getAllProducts": {"response": 325, "request": 12, "random": 0, "specification": 2, "default": 0}, "getProductByName": {"response": -46, "request": 6, "random": 0, "specification": -11, "default": 0}, "addProduct": {"response": 237, "request": 6, "random": 0, "specification": 2, "default": 0}, "deleteProductByName": {"response": -45, "request": -32, "random": 0, "specification": -30, "default": 0}, "getConfigurationWithNameForProduct": {"response": 249, "request": 1, "random": 0, "specification": 0, "default": 0}, "addConfiguration": {"response": -55, "request": 1, "random": 0, "specification": -1, "default": 0}, "deleteConfiguration": {"response": -266, "request": -2, "random": 0, "specification": 0, "default": 0}, "getConfigurationsForProduct": {"response": 246, "request": 4, "random": 0, "specification": 2, "default": 0}, "addFeatureToConfiguration": {"response": -268, "request": -3, "random": 0, "specification": -2, "default": 0}, "deleteFeature": {"response": -298, "request": -3, "random": 0, "specification": -1, "default": 0}, "getConfigurationActivedFeatures": {"response": -217, "request": -1, "random": 0, "specification": 0, "default": 0}, "deleteConstraint": {"response": 167, "request": 5, "random": 0, "specification": 4, "default": 0}, "addRequiresConstraintToProduct": {"response": -15, "request": -1, "random": 0, "specification": 1, "default": 0}, "addExcludesConstraintToProduct": {"response": -16, "request": 2, "random": 0, "specification": -1, "default": 0}}}