{"q_table": {"getFeaturesForProduct": {"productName": -14.461575769413221}, "addFeatureToProduct": {"productName": 9.748336845003235, "featureName": 9.754668556562116, "description": 9.804585445545014}, "updateFeatureOfProduct": {"productName": 10.229699841755775, "featureName": 10.230656671279048, "description": 10.518620076351304}, "deleteFeatureOfProduct": {"productName": 3.2458196045570045, "featureName": 3.257109363655712}, "getAllProducts": {}, "getProductByName": {"productName": -11.873487207111273}, "addProduct": {"productName": -1.5740619840092729}, "deleteProductByName": {"productName": -3.92534965654267}, "getConfigurationWithNameForProduct": {"productName": -3.1154289454016135, "configurationName": -3.1003026393178317}, "addConfiguration": {"productName": 4.701112889580007, "configurationName": 4.725951935199523}, "deleteConfiguration": {"productName": 4.222828941131535, "configurationName": 4.233413211244995}, "getConfigurationsForProduct": {"productName": -11.19402103789031}, "addFeatureToConfiguration": {"productName": 9.383013980839191, "configurationName": 9.40065872443083, "featureName": 9.406563786848618}, "deleteFeature": {"productName": 12.334148591780673, "configurationName": 12.3529098802495, "featureName": 12.3603444665513}, "getConfigurationActivedFeatures": {"productName": -1.0866337498146932, "configurationName": -1.0721387765147954}, "deleteConstraint": {"productName": -0.7449306628839827, "constraintId": -0.7275410032561367}, "addRequiresConstraintToProduct": {"productName": 7.545846385022696, "sourceFeature": 8.096023679835422, "requiredFeature": 7.873941496488612}, "addExcludesConstraintToProduct": {"productName": 6.598123003553162, "sourceFeature": 6.885846051103945, "excludedFeature": 7.165121546351135}}, "q_value": {"getFeaturesForProduct": {"response": 0, "request": 2, "random": 0, "specification": 311, "default": 0}, "addFeatureToProduct": {"response": 0, "request": 0, "random": 0, "specification": 77, "default": 0}, "updateFeatureOfProduct": {"response": 0, "request": 0, "random": 0, "specification": 70, "default": 0}, "deleteFeatureOfProduct": {"response": 0, "request": 0, "random": 0, "specification": 115, "default": 0}, "getAllProducts": {"response": 0, "request": 0, "random": 0, "specification": 263, "default": 0}, "getProductByName": {"response": 0, "request": 0, "random": 0, "specification": 283, "default": 0}, "addProduct": {"response": 0, "request": 0, "random": 0, "specification": 163, "default": 0}, "deleteProductByName": {"response": 0, "request": 0, "random": 0, "specification": 191, "default": 0}, "getConfigurationWithNameForProduct": {"response": 0, "request": 0, "random": 0, "specification": 187, "default": 0}, "addConfiguration": {"response": 0, "request": 0, "random": 0, "specification": 96, "default": 0}, "deleteConfiguration": {"response": 0, "request": 0, "random": 0, "specification": 103, "default": 0}, "getConfigurationsForProduct": {"response": 0, "request": 0, "random": 0, "specification": 275, "default": 0}, "addFeatureToConfiguration": {"response": 0, "request": 0, "random": 0, "specification": 47, "default": 0}, "deleteFeature": {"response": 0, "request": 0, "random": 0, "specification": 15, "default": 0}, "getConfigurationActivedFeatures": {"response": 0, "request": 0, "random": 0, "specification": 163, "default": 0}, "deleteConstraint": {"response": 0, "request": 0, "random": 0, "specification": 164, "default": 0}, "addRequiresConstraintToProduct": {"response": 0, "request": 0, "random": 0, "specification": 125, "default": 0}, "addExcludesConstraintToProduct": {"response": 0, "request": 1, "random": 0, "specification": 167, "default": 0}}}