{"q_table": {"getFeaturesForProduct": {"productName": -9.07852685131619}, "addFeatureToProduct": {"productName": 10.93514367549212, "featureName": 10.942414765652726, "description": 11.239782098073242}, "updateFeatureOfProduct": {"productName": 11.403412705364948, "featureName": 11.408183553122061, "description": 11.629547790662828}, "deleteFeatureOfProduct": {"productName": 4.517073471958303, "featureName": 4.543687162640788}, "getAllProducts": {}, "getProductByName": {"productName": -7.074328249639244}, "addProduct": {"productName": 2.35483274678648}, "deleteProductByName": {"productName": -1.4368927895609915}, "getConfigurationWithNameForProduct": {"productName": -0.30737039527825444, "configurationName": -0.295136509731231}, "addConfiguration": {"productName": 7.406220895803058, "configurationName": 7.42697906938028}, "deleteConfiguration": {"productName": 7.139087599887077, "configurationName": 7.163385927703402}, "getConfigurationsForProduct": {"productName": -7.123580918575075}, "addFeatureToConfiguration": {"productName": 11.783924480755191, "configurationName": 11.812397545961243, "featureName": 11.823501549455532}, "deleteFeature": {"productName": 13.547355601191095, "configurationName": 13.567630600125122, "featureName": 13.577233419250913}, "getConfigurationActivedFeatures": {"productName": 2.283590402856254, "configurationName": 2.3057427076001766}, "deleteConstraint": {"productName": 1.8736192996732797, "constraintId": 1.8886812956170609}, "addRequiresConstraintToProduct": {"productName": 8.874244129388973, "sourceFeature": 9.291242907218122, "requiredFeature": 9.063927281494912}, "addExcludesConstraintToProduct": {"productName": 7.755207219242726, "sourceFeature": 8.37368631147747, "excludedFeature": 8.075538125759124}}, "q_value": {"getFeaturesForProduct": {"response": 0, "request": 2, "random": 0, "specification": 250, "default": 0}, "addFeatureToProduct": {"response": 0, "request": 0, "random": 0, "specification": 57, "default": 0}, "updateFeatureOfProduct": {"response": 0, "request": 0, "random": 0, "specification": 49, "default": 0}, "deleteFeatureOfProduct": {"response": 0, "request": 0, "random": 0, "specification": 103, "default": 0}, "getAllProducts": {"response": 0, "request": 0, "random": 0, "specification": 221, "default": 0}, "getProductByName": {"response": 0, "request": 0, "random": 0, "specification": 230, "default": 0}, "addProduct": {"response": 0, "request": 0, "random": 0, "specification": 124, "default": 0}, "deleteProductByName": {"response": 0, "request": 0, "random": 0, "specification": 165, "default": 0}, "getConfigurationWithNameForProduct": {"response": 0, "request": 0, "random": 0, "specification": 157, "default": 0}, "addConfiguration": {"response": 0, "request": 0, "random": 0, "specification": 71, "default": 0}, "deleteConfiguration": {"response": 0, "request": 0, "random": 0, "specification": 76, "default": 0}, "getConfigurationsForProduct": {"response": 0, "request": 0, "random": 0, "specification": 230, "default": 0}, "addFeatureToConfiguration": {"response": 0, "request": 0, "random": 0, "specification": 27, "default": 0}, "deleteFeature": {"response": 0, "request": 0, "random": 0, "specification": 7, "default": 0}, "getConfigurationActivedFeatures": {"response": 0, "request": 0, "random": 0, "specification": 129, "default": 0}, "deleteConstraint": {"response": 0, "request": 0, "random": 0, "specification": 137, "default": 0}, "addRequiresConstraintToProduct": {"response": 0, "request": 0, "random": 0, "specification": 92, "default": 0}, "addExcludesConstraintToProduct": {"response": 0, "request": 1, "random": 0, "specification": 134, "default": 0}}}