{"q_table": {"check": {"text": -98.95738360273211, "data": -98.95950051469843, "language": -98.96197552218942, "altLanguages": -98.95870677944853, "motherTongue": -98.95973066471166, "preferredVariants": -98.95873652830149, "enabledRules": -98.958240849133, "disabledRules": -98.95809974541758, "enabledCategories": -98.95692348750653, "disabledCategories": -98.96015414773073, "enabledOnly": -98.95951246525296}, "languages": {}}, "q_value": {"check": {"response": 0, "request": 0, "random": 0, "specification": 11034, "default": 0}, "languages": {"response": 0, "request": 0, "random": 0, "specification": 11230, "default": 0}}}