{"q_table": {"check": {"text": 99.91539530752421, "data": 99.99722105016141, "language": 99.98373539777452, "altLanguages": 99.9504371600045, "motherTongue": 99.99721583179083, "preferredVariants": 99.99721622745736, "enabledRules": 99.99721607186763, "disabledRules": 99.99693815017716, "enabledCategories": 99.9972268946014, "disabledCategories": 99.95520228945009, "enabledOnly": 99.95948513329793}, "languages": {}}, "q_value": {"check": {"response": -36, "request": -36, "random": -37, "specification": -36, "default": -12544}, "languages": {"response": 15, "request": 14, "random": 6, "specification": 8, "default": 12775}}}