{"q_table": {"check": {"text": -11.816734887726103, "data": -11.844136649089782, "language": -12.253940272410272, "altLanguages": -11.991762972774696, "motherTongue": -12.064107367467813, "preferredVariants": -12.019155199127548, "enabledRules": -11.664196930510617, "disabledRules": -11.95188973683545, "enabledCategories": -11.707292797477805, "disabledCategories": -11.974117509420797, "enabledOnly": -11.93034751483233}, "languages": {}}, "q_value": {"check": {"response": 0, "request": 0, "random": 0, "specification": 335, "default": 0}, "languages": {"response": 0, "request": 0, "random": 0, "specification": 420, "default": 0}}}