{"q_table": {"getFeaturesForProduct": {"productName": -11.396538901040307}, "addFeatureToProduct": {"productName": 9.344374152171692, "featureName": 9.366245554814572, "description": 9.328299336811712}, "updateFeatureOfProduct": {"productName": 10.457718719321237, "featureName": 10.457725771715683, "description": 10.916788847826645}, "deleteFeatureOfProduct": {"productName": 3.412251049861272, "featureName": 3.4256118559248026}, "getAllProducts": {}, "getProductByName": {"productName": -8.243827710786654}, "addProduct": {"productName": -3.3322728054353026}, "deleteProductByName": {"productName": -2.120762199409706}, "getConfigurationWithNameForProduct": {"productName": -1.988330368752686, "configurationName": -1.9850171261472327}, "addConfiguration": {"productName": 6.070888002064067, "configurationName": 6.109812766006742}, "deleteConfiguration": {"productName": 8.130288448733918, "configurationName": 8.164519241547138}, "getConfigurationsForProduct": {"productName": -8.614760353786766}, "addFeatureToConfiguration": {"productName": 9.825588430205942, "configurationName": 9.840651199800586, "featureName": 9.84613138454273}, "deleteFeature": {"productName": 10.932270859709451, "configurationName": 10.956594996892427, "featureName": 10.964391015863075}, "getConfigurationActivedFeatures": {"productName": -1.433824445102823, "configurationName": -1.4090793355556621}, "deleteConstraint": {"productName": 0.06550582910971899, "constraintId": 0.07975955679357803}, "addRequiresConstraintToProduct": {"productName": 4.78509826506857, "sourceFeature": 5.143634095700223, "requiredFeature": 5.190434383912259}, "addExcludesConstraintToProduct": {"productName": 3.746608430757905, "sourceFeature": 4.132378564237326, "excludedFeature": 4.00894192426613}}, "q_value": {"getFeaturesForProduct": {"response": 0, "request": 249, "random": 0, "specification": 29, "default": 0}, "addFeatureToProduct": {"response": 0, "request": 76, "random": 0, "specification": 7, "default": 0}, "updateFeatureOfProduct": {"response": 0, "request": 72, "random": 0, "specification": 1, "default": 0}, "deleteFeatureOfProduct": {"response": 0, "request": 109, "random": 0, "specification": 1, "default": 0}, "getAllProducts": {"response": 0, "request": 255, "random": 0, "specification": 3, "default": 0}, "getProductByName": {"response": 0, "request": 214, "random": 0, "specification": 29, "default": 0}, "addProduct": {"response": 0, "request": 160, "random": 0, "specification": 28, "default": 0}, "deleteProductByName": {"response": 0, "request": 144, "random": 0, "specification": 28, "default": 0}, "getConfigurationWithNameForProduct": {"response": 0, "request": 172, "random": 0, "specification": 2, "default": 0}, "addConfiguration": {"response": 0, "request": 80, "random": 0, "specification": 1, "default": 0}, "deleteConfiguration": {"response": 0, "request": 62, "random": 0, "specification": 5, "default": 0}, "getConfigurationsForProduct": {"response": 0, "request": 216, "random": 0, "specification": 30, "default": 0}, "addFeatureToConfiguration": {"response": 0, "request": 44, "random": 0, "specification": -1, "default": 0}, "deleteFeature": {"response": 0, "request": 30, "random": 0, "specification": 3, "default": 0}, "getConfigurationActivedFeatures": {"response": 0, "request": 164, "random": 0, "specification": 5, "default": 0}, "deleteConstraint": {"response": 0, "request": 149, "random": 0, "specification": 2, "default": 0}, "addRequiresConstraintToProduct": {"response": 0, "request": 168, "random": 0, "specification": 2, "default": 0}, "addExcludesConstraintToProduct": {"response": 0, "request": 186, "random": 0, "specification": 7, "default": 0}}}