{"q_table": {"getFeaturesForProduct": {"productName": -8.187624550831954}, "addFeatureToProduct": {"productName": 10.087739394631502, "featureName": 10.090253317240542, "description": 10.272207677666797}, "updateFeatureOfProduct": {"productName": 11.313805546834114, "featureName": 11.314532767445414, "description": 11.585715467879792}, "deleteFeatureOfProduct": {"productName": 5.823700609977157, "featureName": 5.853654253594511}, "getAllProducts": {}, "getProductByName": {"productName": -4.615450693176061}, "addProduct": {"productName": -1.2576325971161655}, "deleteProductByName": {"productName": 0.33589050120764313}, "getConfigurationWithNameForProduct": {"productName": 1.3451640064967658, "configurationName": 1.3572149995700704}, "addConfiguration": {"productName": 7.782155248260549, "configurationName": 7.801438141709711}, "deleteConfiguration": {"productName": 8.870109845952786, "configurationName": 8.9021946600869}, "getConfigurationsForProduct": {"productName": -5.92442174012252}, "addFeatureToConfiguration": {"productName": 11.889920446960126, "configurationName": 11.920923746946945, "featureName": 11.938227099715288}, "deleteFeature": {"productName": 12.905929348708565, "configurationName": 12.925490836545842, "featureName": 12.935684019478822}, "getConfigurationActivedFeatures": {"productName": 0.05074513621517385, "configurationName": 0.05579111596136964}, "deleteConstraint": {"productName": 1.611750937995178, "constraintId": 1.630751758554301}, "addRequiresConstraintToProduct": {"productName": 7.043564276176252, "sourceFeature": 7.274620119486394, "requiredFeature": 7.39394839951869}, "addExcludesConstraintToProduct": {"productName": 4.815824524012554, "sourceFeature": 4.9938100545720125, "excludedFeature": 4.930761265940849}}, "q_value": {"getFeaturesForProduct": {"response": 0, "request": 213, "random": 0, "specification": 29, "default": 0}, "addFeatureToProduct": {"response": 0, "request": 66, "random": 0, "specification": 7, "default": 0}, "updateFeatureOfProduct": {"response": 0, "request": 58, "random": 0, "specification": 1, "default": 0}, "deleteFeatureOfProduct": {"response": 0, "request": 86, "random": 0, "specification": 1, "default": 0}, "getAllProducts": {"response": 0, "request": 208, "random": 0, "specification": 3, "default": 0}, "getProductByName": {"response": 0, "request": 175, "random": 0, "specification": 29, "default": 0}, "addProduct": {"response": 0, "request": 138, "random": 0, "specification": 28, "default": 0}, "deleteProductByName": {"response": 0, "request": 119, "random": 0, "specification": 28, "default": 0}, "getConfigurationWithNameForProduct": {"response": 0, "request": 138, "random": 0, "specification": 2, "default": 0}, "addConfiguration": {"response": 0, "request": 65, "random": 0, "specification": 1, "default": 0}, "deleteConfiguration": {"response": 0, "request": 56, "random": 0, "specification": 5, "default": 0}, "getConfigurationsForProduct": {"response": 0, "request": 187, "random": 0, "specification": 30, "default": 0}, "addFeatureToConfiguration": {"response": 0, "request": 27, "random": 0, "specification": -1, "default": 0}, "deleteFeature": {"response": 0, "request": 14, "random": 0, "specification": 3, "default": 0}, "getConfigurationActivedFeatures": {"response": 0, "request": 148, "random": 0, "specification": 5, "default": 0}, "deleteConstraint": {"response": 0, "request": 133, "random": 0, "specification": 2, "default": 0}, "addRequiresConstraintToProduct": {"response": 0, "request": 130, "random": 0, "specification": 2, "default": 0}, "addExcludesConstraintToProduct": {"response": 0, "request": 165, "random": 0, "specification": 7, "default": 0}}}