{"q_table": {"check": {"text": -89.87754687920565, "data": -89.87521969764893, "language": -89.90270845287222, "altLanguages": -89.86553116170874, "motherTongue": -89.85711161823826, "preferredVariants": -89.87256561717797, "enabledRules": -89.86197082263494, "disabledRules": -89.87260752608368, "enabledCategories": -89.8594567145766, "disabledCategories": -89.86601980259351, "enabledOnly": -89.8685120569964}, "languages": {}}, "q_value": {"check": {"response": 0, "request": 0, "random": 0, "specification": 0, "default": 0}, "languages": {"response": 0, "request": 0, "random": 0, "specification": 0, "default": 0}}}