{"q_table": {"check": {"text": 94.98131284354028, "data": 95.07192987600344, "language": 95.0695839796155, "altLanguages": 95.06201627476179, "motherTongue": 95.06834156969545, "preferredVariants": 95.07277800589446, "enabledRules": 95.07100132848967, "disabledRules": 95.05416223978878, "enabledCategories": 95.06492369994471, "disabledCategories": 94.99056205158, "enabledOnly": 95.04080113583898}, "languages": {}}, "q_value": {"check": {"response": -3824, "request": -9, "random": -7, "specification": -12, "default": -7}, "languages": {"response": 3886, "request": 61, "random": 45, "specification": 29, "default": 20}}}