{"q_table": {"check": {"text": 98.82442704556004, "data": 98.99024922219257, "language": 98.88910284481538, "altLanguages": 98.98656076772328, "motherTongue": 98.98911297992309, "preferredVariants": 98.98925371379843, "enabledRules": 98.98914761280469, "disabledRules": 98.98200193754074, "enabledCategories": 98.98655219721452, "disabledCategories": 98.98721118688472, "enabledOnly": 98.98542265310141}, "languages": {}}, "q_value": {"check": {"response": -5772, "request": -9, "random": -7, "specification": -12, "default": -7}, "languages": {"response": 5876, "request": 61, "random": 45, "specification": 29, "default": 20}}}