{"q_table": {"check": {"text": 71.27077788156376, "data": 71.38204269516726, "language": 71.48201196881854, "altLanguages": 71.380362341632, "motherTongue": 71.33041901408498, "preferredVariants": 71.38672217474232, "enabledRules": 71.35610111779722, "disabledRules": 71.44096171048567, "enabledCategories": 71.39105361822297, "disabledCategories": 71.41883314489881, "enabledOnly": 71.2760035067075}, "languages": {}}, "q_value": {"check": {"response": -1891, "request": -9, "random": -7, "specification": -12, "default": -7}, "languages": {"response": 1863, "request": 61, "random": 45, "specification": 29, "default": 20}}}