{"q_table": {"check": {"text": 98.98572783964384, "data": 99.02028897393511, "language": 99.02262048002272, "altLanguages": 99.02028786779918, "motherTongue": 99.02217801939919, "preferredVariants": 99.02038681636446, "enabledRules": 99.02056476436883, "disabledRules": 99.01616052019195, "enabledCategories": 99.02069441182357, "disabledCategories": 99.02101077932232, "enabledOnly": 99.01652311799414}, "languages": {}}, "q_value": {"check": {"response": -5823, "request": -9, "random": -7, "specification": -12, "default": -7}, "languages": {"response": 5939, "request": 61, "random": 45, "specification": 29, "default": 20}}}