{"q_table": {"check": {"text": -80.31809578440007, "data": -80.31013980253414, "language": -80.3893011675028, "altLanguages": -80.29806391212499, "motherTongue": -80.3464378453916, "preferredVariants": -80.2644169271154, "enabledRules": -80.33167436290198, "disabledRules": -80.33272567905958, "enabledCategories": -80.32755374148365, "disabledCategories": -80.28244771037023, "enabledOnly": -80.28255546546676}, "languages": {}}, "q_value": {"check": {"response": 0, "request": 0, "random": 0, "specification": 3969, "default": 0}, "languages": {"response": 0, "request": 0, "random": 0, "specification": 4031, "default": 0}}}