{"q_table": {"getFeaturesForProduct": {"productName": -12.653023176265142}, "addFeatureToProduct": {"productName": 10.393613676152121, "featureName": 10.39370992859808, "description": 10.719239553790892}, "updateFeatureOfProduct": {"productName": 9.886599192708866, "featureName": 9.888337819175424, "description": 10.124356408359494}, "deleteFeatureOfProduct": {"productName": 6.731471573710815, "featureName": 6.738226285208177}, "getAllProducts": {}, "getProductByName": {"productName": -11.895104962751706}, "addProduct": {"productName": -4.604608755679552}, "deleteProductByName": {"productName": -4.404353525258743}, "getConfigurationWithNameForProduct": {"productName": -4.694072388736366, "configurationName": -4.685869405539131}, "addConfiguration": {"productName": 6.5269849356994545, "configurationName": 6.5557066390705225}, "deleteConfiguration": {"productName": 3.2902272719934644, "configurationName": 3.3193938627418627}, "getConfigurationsForProduct": {"productName": -10.771959770030668}, "addFeatureToConfiguration": {"productName": 10.749723581633846, "configurationName": 10.78093830623866, "featureName": 10.796718952575164}, "deleteFeature": {"productName": 13.100943866124737, "configurationName": 13.11677215241193, "featureName": 13.12389175023293}, "getConfigurationActivedFeatures": {"productName": -2.6039176912936233, "configurationName": -2.5959236581942173}, "deleteConstraint": {"productName": -0.5027678975631047, "constraintId": -0.498358087488075}, "addRequiresConstraintToProduct": {"productName": 5.920448990094422, "sourceFeature": 6.159503460395848, "requiredFeature": 6.013908605261482}, "addExcludesConstraintToProduct": {"productName": 5.201547242934229, "sourceFeature": 5.505993497599828, "excludedFeature": 5.263757675679141}}, "q_value": {"getFeaturesForProduct": {"response": 0, "request": 0, "random": 0, "specification": 292, "default": 0}, "addFeatureToProduct": {"response": 0, "request": 0, "random": 0, "specification": 77, "default": 0}, "updateFeatureOfProduct": {"response": 0, "request": 0, "random": 0, "specification": 69, "default": 0}, "deleteFeatureOfProduct": {"response": 0, "request": 0, "random": 0, "specification": 78, "default": 0}, "getAllProducts": {"response": 0, "request": 0, "random": 0, "specification": 268, "default": 0}, "getProductByName": {"response": 0, "request": 0, "random": 0, "specification": 283, "default": 0}, "addProduct": {"response": 0, "request": 0, "random": 0, "specification": 199, "default": 0}, "deleteProductByName": {"response": 0, "request": 0, "random": 0, "specification": 195, "default": 0}, "getConfigurationWithNameForProduct": {"response": 0, "request": 0, "random": 0, "specification": 202, "default": 0}, "addConfiguration": {"response": 0, "request": 0, "random": 0, "specification": 79, "default": 0}, "deleteConfiguration": {"response": 0, "request": 0, "random": 0, "specification": 115, "default": 0}, "getConfigurationsForProduct": {"response": 0, "request": 0, "random": 0, "specification": 271, "default": 0}, "addFeatureToConfiguration": {"response": 0, "request": 0, "random": 0, "specification": 31, "default": 0}, "deleteFeature": {"response": 0, "request": 0, "random": 0, "specification": 7, "default": 0}, "getConfigurationActivedFeatures": {"response": 0, "request": 0, "random": 0, "specification": 180, "default": 0}, "deleteConstraint": {"response": 0, "request": 0, "random": 0, "specification": 160, "default": 0}, "addRequiresConstraintToProduct": {"response": 0, "request": 1, "random": 0, "specification": 139, "default": 0}, "addExcludesConstraintToProduct": {"response": 0, "request": 0, "random": 0, "specification": 165, "default": 0}}}