{"q_table": {"getFeaturesForProduct": {"productName": -8.382189885778011}, "addFeatureToProduct": {"productName": 11.728061625391227, "featureName": 11.744870119723354, "description": 11.792680979366857}, "updateFeatureOfProduct": {"productName": 11.589053568888595, "featureName": 11.595473771045397, "description": 12.058627876607648}, "deleteFeatureOfProduct": {"productName": 9.469269154728291, "featureName": 9.495785677019473}, "getAllProducts": {}, "getProductByName": {"productName": -6.817856278594952}, "addProduct": {"productName": -1.6894045790480399}, "deleteProductByName": {"productName": -0.8493151113389807}, "getConfigurationWithNameForProduct": {"productName": -0.33594626961918084, "configurationName": -0.32648451576219045}, "addConfiguration": {"productName": 8.057611409181751, "configurationName": 8.07666098550878}, "deleteConfiguration": {"productName": 5.193654254700839, "configurationName": 5.21676438459516}, "getConfigurationsForProduct": {"productName": -5.550352348528294}, "addFeatureToConfiguration": {"productName": 12.164978213274832, "configurationName": 12.190110335209184, "featureName": 12.199506701909888}, "deleteFeature": {"productName": 14.083209549190897, "configurationName": 14.11693926344868, "featureName": 14.140318247795125}, "getConfigurationActivedFeatures": {"productName": 0.5620536786510448, "configurationName": 0.5712032259230814}, "deleteConstraint": {"productName": 3.2179949187883152, "constraintId": 3.237837899712342}, "addRequiresConstraintToProduct": {"productName": 8.205891945952674, "sourceFeature": 8.357303959413876, "requiredFeature": 8.4384659388762}, "addExcludesConstraintToProduct": {"productName": 6.747435973787603, "sourceFeature": 6.980883601771399, "excludedFeature": 7.129064831972916}}, "q_value": {"getFeaturesForProduct": {"response": 0, "request": 0, "random": 0, "specification": 244, "default": 0}, "addFeatureToProduct": {"response": 0, "request": 0, "random": 0, "specification": 52, "default": 0}, "updateFeatureOfProduct": {"response": 0, "request": 0, "random": 0, "specification": 44, "default": 0}, "deleteFeatureOfProduct": {"response": 0, "request": 0, "random": 0, "specification": 54, "default": 0}, "getAllProducts": {"response": 0, "request": 0, "random": 0, "specification": 206, "default": 0}, "getProductByName": {"response": 0, "request": 0, "random": 0, "specification": 227, "default": 0}, "addProduct": {"response": 0, "request": 0, "random": 0, "specification": 168, "default": 0}, "deleteProductByName": {"response": 0, "request": 0, "random": 0, "specification": 158, "default": 0}, "getConfigurationWithNameForProduct": {"response": 0, "request": 0, "random": 0, "specification": 156, "default": 0}, "addConfiguration": {"response": 0, "request": 0, "random": 0, "specification": 66, "default": 0}, "deleteConfiguration": {"response": 0, "request": 0, "random": 0, "specification": 97, "default": 0}, "getConfigurationsForProduct": {"response": 0, "request": 0, "random": 0, "specification": 214, "default": 0}, "addFeatureToConfiguration": {"response": 0, "request": 0, "random": 0, "specification": 21, "default": 0}, "deleteFeature": {"response": 0, "request": 0, "random": 0, "specification": 2, "default": 0}, "getConfigurationActivedFeatures": {"response": 0, "request": 0, "random": 0, "specification": 147, "default": 0}, "deleteConstraint": {"response": 0, "request": 0, "random": 0, "specification": 122, "default": 0}, "addRequiresConstraintToProduct": {"response": 0, "request": 1, "random": 0, "specification": 107, "default": 0}, "addExcludesConstraintToProduct": {"response": 0, "request": 0, "random": 0, "specification": 136, "default": 0}}}