{"q_table": {"check": {"text": -98.94020491055828, "data": -98.93871201382964, "language": -98.94300861106315, "altLanguages": -98.9386188522803, "motherTongue": -98.93867723177958, "preferredVariants": -98.94071130346397, "enabledRules": -98.93804775568712, "disabledRules": -98.93962311025412, "enabledCategories": -98.93984468924673, "disabledCategories": -98.93986683315595, "enabledOnly": -98.93865292107503}, "languages": {}}, "q_value": {"check": {"response": 0, "request": 0, "random": 0, "specification": 10918, "default": 0}, "languages": {"response": 0, "request": 0, "random": 0, "specification": 11036, "default": 0}}}