{"q_table": {"getFeaturesForProduct": {"productName": 18.071179744344448}, "addFeatureToProduct": {"productName": 20.475014696830986, "featureName": 20.502364241345333, "description": 20.465777883023662}, "updateFeatureOfProduct": {"productName": 31.856625642824362, "featureName": 31.885559297667275, "description": 31.427840843372778}, "deleteFeatureOfProduct": {"productName": 27.488642270996102, "featureName": 27.52650359759005}, "getAllProducts": {}, "getProductByName": {"productName": 13.170783646907896}, "addProduct": {"productName": 1.5881594343253584}, "deleteProductByName": {"productName": 13.266328297954935}, "getConfigurationWithNameForProduct": {"productName": -5.376988371583281, "configurationName": -5.40793612469124}, "addConfiguration": {"productName": 19.614264410892062, "configurationName": 19.64775606871732}, "deleteConfiguration": {"productName": 26.510987510583973, "configurationName": 26.549188735105112}, "getConfigurationsForProduct": {"productName": -5.406412102768822}, "addFeatureToConfiguration": {"productName": 33.241889497771815, "configurationName": 33.26573514867157, "featureName": 33.28798232181338}, "deleteFeature": {"productName": 28.88726657417297, "configurationName": 28.912827519290694, "featureName": 28.932593316589415}, "getConfigurationActivedFeatures": {"productName": 26.221587655003606, "configurationName": 26.257469142837017}, "deleteConstraint": {"productName": 3.3476658419884555, "constraintId": 3.3609373942937255}, "addRequiresConstraintToProduct": {"productName": 18.892072652157022, "sourceFeature": 19.167607920812177, "requiredFeature": 18.91847929348905}, "addExcludesConstraintToProduct": {"productName": 18.331642225787917, "sourceFeature": 18.371013207608115, "excludedFeature": 18.39404637820395}}, "q_value": {"getFeaturesForProduct": {"response": -34, "request": -24, "random": 0, "specification": -31, "default": 0}, "addFeatureToProduct": {"response": -66, "request": 1, "random": 0, "specification": -1, "default": 0}, "updateFeatureOfProduct": {"response": -193, "request": 0, "random": 1, "specification": -7, "default": 0}, "deleteFeatureOfProduct": {"response": -142, "request": -1, "random": 0, "specification": -4, "default": 0}, "getAllProducts": {"response": 212, "request": 0, "random": 0, "specification": 3, "default": 0}, "getProductByName": {"response": 8, "request": 0, "random": 0, "specification": 0, "default": 0}, "addProduct": {"response": 131, "request": 4, "random": 0, "specification": 1, "default": 0}, "deleteProductByName": {"response": 3, "request": 0, "random": 0, "specification": 0, "default": 0}, "getConfigurationWithNameForProduct": {"response": 209, "request": 1, "random": 0, "specification": 2, "default": 0}, "addConfiguration": {"response": -59, "request": -1, "random": 0, "specification": 0, "default": 0}, "deleteConfiguration": {"response": -134, "request": 0, "random": 0, "specification": 0, "default": 0}, "getConfigurationsForProduct": {"response": 207, "request": 0, "random": 1, "specification": 4, "default": 0}, "addFeatureToConfiguration": {"response": -205, "request": -1, "random": 0, "specification": -3, "default": 0}, "deleteFeature": {"response": -161, "request": -2, "random": 0, "specification": -1, "default": 0}, "getConfigurationActivedFeatures": {"response": -129, "request": -1, "random": -1, "specification": -1, "default": 0}, "deleteConstraint": {"response": 114, "request": 1, "random": 1, "specification": 2, "default": 0}, "addRequiresConstraintToProduct": {"response": -53, "request": 0, "random": 0, "specification": 0, "default": 0}, "addExcludesConstraintToProduct": {"response": -37, "request": -1, "random": 0, "specification": -1, "default": 0}}}