{"q_table": {"getFeaturesForProduct": {"productName": 16.149490828391016}, "addFeatureToProduct": {"productName": 22.689641575829206, "featureName": 22.724226299482552, "description": 22.1871118061505}, "updateFeatureOfProduct": {"productName": 35.785669403549804, "featureName": 35.81944247589872, "description": 35.444834832065}, "deleteFeatureOfProduct": {"productName": 29.156201482269083, "featureName": 29.191760173741756}, "getAllProducts": {}, "getProductByName": {"productName": 11.911552206053067}, "addProduct": {"productName": -0.7305998024240365}, "deleteProductByName": {"productName": 10.151229192874837}, "getConfigurationWithNameForProduct": {"productName": -11.228527706189299, "configurationName": -11.227094888873282}, "addConfiguration": {"productName": 20.6983707416907, "configurationName": 20.73178844355333}, "deleteConfiguration": {"productName": 27.933686242864372, "configurationName": 27.962005090045775}, "getConfigurationsForProduct": {"productName": -9.37180221196997}, "addFeatureToConfiguration": {"productName": 36.5379715637981, "configurationName": 36.56064590773131, "featureName": 36.58330550217303}, "deleteFeature": {"productName": 31.076781689000338, "configurationName": 31.10077701123682, "featureName": 31.119693420867698}, "getConfigurationActivedFeatures": {"productName": 27.637252973096903, "configurationName": 27.671345919727266}, "deleteConstraint": {"productName": -0.9635980223321604, "constraintId": -0.9440977953766296}, "addRequiresConstraintToProduct": {"productName": 20.433801477868005, "sourceFeature": 20.505021497433773, "requiredFeature": 20.374523497131264}, "addExcludesConstraintToProduct": {"productName": 19.753631392781976, "sourceFeature": 19.419546864852116, "excludedFeature": 19.586494044989415}}, "q_value": {"getFeaturesForProduct": {"response": -27, "request": -24, "random": 0, "specification": -31, "default": 0}, "addFeatureToProduct": {"response": -98, "request": 1, "random": 0, "specification": -1, "default": 0}, "updateFeatureOfProduct": {"response": -253, "request": 0, "random": 1, "specification": -7, "default": 0}, "deleteFeatureOfProduct": {"response": -173, "request": -1, "random": 0, "specification": -4, "default": 0}, "getAllProducts": {"response": 277, "request": 0, "random": 0, "specification": 3, "default": 0}, "getProductByName": {"response": 11, "request": 0, "random": 0, "specification": 0, "default": 0}, "addProduct": {"response": 154, "request": 4, "random": 0, "specification": 1, "default": 0}, "deleteProductByName": {"response": 26, "request": 0, "random": 0, "specification": 0, "default": 0}, "getConfigurationWithNameForProduct": {"response": 274, "request": 1, "random": 0, "specification": 2, "default": 0}, "addConfiguration": {"response": -80, "request": -1, "random": 0, "specification": 0, "default": 0}, "deleteConfiguration": {"response": -161, "request": 0, "random": 0, "specification": 0, "default": 0}, "getConfigurationsForProduct": {"response": 250, "request": 0, "random": 1, "specification": 4, "default": 0}, "addFeatureToConfiguration": {"response": -254, "request": -1, "random": 0, "specification": -3, "default": 0}, "deleteFeature": {"response": -200, "request": -2, "random": 0, "specification": -1, "default": 0}, "getConfigurationActivedFeatures": {"response": -158, "request": -1, "random": -1, "specification": -1, "default": 0}, "deleteConstraint": {"response": 158, "request": 1, "random": 1, "specification": 2, "default": 0}, "addRequiresConstraintToProduct": {"response": -76, "request": 0, "random": 0, "specification": 0, "default": 0}, "addExcludesConstraintToProduct": {"response": -62, "request": -1, "random": 0, "specification": -1, "default": 0}}}