{"q_table": {"check": {"text": -90.17769724264242, "data": -90.16662826063978, "language": -90.21445980963107, "altLanguages": -90.1694841454643, "motherTongue": -90.16549156947913, "preferredVariants": -90.17856212243605, "enabledRules": -90.1625528668825, "disabledRules": -90.17281217044524, "enabledCategories": -90.16464358525549, "disabledCategories": -90.17225500879029, "enabledOnly": -90.16628027112581}, "languages": {}}, "q_value": {"check": {"response": 0, "request": 0, "random": 0, "specification": 5562, "default": 0}, "languages": {"response": 0, "request": 0, "random": 0, "specification": 5661, "default": 0}}}