{"q_table": {"check": {"text": -54.91868516811711, "data": -54.81027297886495, "language": -55.02619618656235, "altLanguages": -54.85857909588516, "motherTongue": -54.794960360968986, "preferredVariants": -54.796237346487224, "enabledRules": -54.89169830274623, "disabledRules": -54.86955269136147, "enabledCategories": -54.7359292809963, "disabledCategories": -54.77397414533739, "enabledOnly": -54.84547167783153}, "languages": {}}, "q_value": {"check": {"response": 0, "request": 0, "random": 0, "specification": 1926, "default": 0}, "languages": {"response": 0, "request": 0, "random": 0, "specification": 2074, "default": 0}}}