{"q_table": {"check": {"text": -80.40921341855352, "data": -80.41071192360162, "language": -80.46643524012609, "altLanguages": -80.4120724134951, "motherTongue": -80.41338592640048, "preferredVariants": -80.41035463209809, "enabledRules": -80.42440853372233, "disabledRules": -80.32896953134492, "enabledCategories": -80.40905761235223, "disabledCategories": -80.40452534686344, "enabledOnly": -80.41045374324689}, "languages": {}}, "q_value": {"check": {"response": 0, "request": 0, "random": 0, "specification": 3914, "default": 0}, "languages": {"response": 0, "request": 0, "random": 0, "specification": 4086, "default": 0}}}