{"q_table": {"getFeaturesForProduct": {"productName": 0.8774669317829236}, "addFeatureToProduct": {"productName": 16.637173005871606, "featureName": 16.67122017833584, "description": 16.358374839581632}, "updateFeatureOfProduct": {"productName": 39.13484516172437, "featureName": 39.16684958749945, "description": 38.41593280754441}, "deleteFeatureOfProduct": {"productName": 22.336828327027142, "featureName": 22.375893680229296}, "getAllProducts": {}, "getProductByName": {"productName": -3.4602070270323306}, "addProduct": {"productName": -14.268431519404627}, "deleteProductByName": {"productName": 3.1301163388359114}, "getConfigurationWithNameForProduct": {"productName": -10.073139322559312, "configurationName": -10.065156705689052}, "addConfiguration": {"productName": 10.476437483198058, "configurationName": 10.504081143001862}, "deleteConfiguration": {"productName": 20.928152893915016, "configurationName": 20.969407869657687}, "getConfigurationsForProduct": {"productName": -20.39015092191578}, "addFeatureToConfiguration": {"productName": 29.399174861479395, "configurationName": 29.42476627372273, "featureName": 29.449330603248058}, "deleteFeature": {"productName": 29.82512209292448, "configurationName": 29.850175924356186, "featureName": 29.87522080351209}, "getConfigurationActivedFeatures": {"productName": 21.78834853098989, "configurationName": 21.826462327087167}, "deleteConstraint": {"productName": -3.6947338447271076, "constraintId": -3.6632949968651514}, "addRequiresConstraintToProduct": {"productName": 12.240744263660941, "sourceFeature": 12.414005908634632, "requiredFeature": 12.823487666699576}, "addExcludesConstraintToProduct": {"productName": 25.884303659057863, "sourceFeature": 25.452247355531775, "excludedFeature": 25.663508613566265}}, "q_value": {"getFeaturesForProduct": {"response": -1, "request": -1, "random": -1, "specification": -1, "default": 0}, "addFeatureToProduct": {"response": 0, "request": -3, "random": -57, "specification": 0, "default": 0}, "updateFeatureOfProduct": {"response": -8, "request": -94, "random": -187, "specification": -39, "default": 0}, "deleteFeatureOfProduct": {"response": -2, "request": -2, "random": -170, "specification": -1, "default": 0}, "getAllProducts": {"response": 3, "request": 5, "random": 221, "specification": 2, "default": 0}, "getProductByName": {"response": 0, "request": -2, "random": 23, "specification": -1, "default": 0}, "addProduct": {"response": 2, "request": 1, "random": 180, "specification": 0, "default": 0}, "deleteProductByName": {"response": 2, "request": -2, "random": 10, "specification": -1, "default": 0}, "getConfigurationWithNameForProduct": {"response": 1, "request": 2, "random": 155, "specification": 1, "default": 0}, "addConfiguration": {"response": -3, "request": -5, "random": -4, "specification": -3, "default": 0}, "deleteConfiguration": {"response": -1, "request": -2, "random": -144, "specification": 0, "default": 0}, "getConfigurationsForProduct": {"response": 2, "request": 0, "random": 196, "specification": 3, "default": 0}, "addFeatureToConfiguration": {"response": 0, "request": -5, "random": -195, "specification": -1, "default": 0}, "deleteFeature": {"response": -1, "request": -3, "random": -188, "specification": -3, "default": 0}, "getConfigurationActivedFeatures": {"response": -3, "request": -3, "random": -171, "specification": 0, "default": 0}, "deleteConstraint": {"response": 2, "request": 3, "random": 117, "specification": 1, "default": 0}, "addRequiresConstraintToProduct": {"response": -1, "request": -2, "random": -5, "specification": -1, "default": 0}, "addExcludesConstraintToProduct": {"response": 0, "request": -1, "random": -194, "specification": -2, "default": 0}}}