{"q_table": {"getFeaturesForProduct": {"productName": 1.0523093923801023}, "addFeatureToProduct": {"productName": 17.259875119114458, "featureName": 17.292438843348847, "description": 16.993857297996595}, "updateFeatureOfProduct": {"productName": 41.972013695091455, "featureName": 42.00251349925225, "description": 41.73614962324732}, "deleteFeatureOfProduct": {"productName": 25.056227683663842, "featureName": 25.092368975877314}, "getAllProducts": {}, "getProductByName": {"productName": -4.210916860773102}, "addProduct": {"productName": -17.282482111573835}, "deleteProductByName": {"productName": 1.9008068782084921}, "getConfigurationWithNameForProduct": {"productName": -12.9552623642581, "configurationName": -12.950775612169721}, "addConfiguration": {"productName": 10.320617312312123, "configurationName": 10.352629587815047}, "deleteConfiguration": {"productName": 23.399296942397626, "configurationName": 23.43839163191485}, "getConfigurationsForProduct": {"productName": -24.426038444679527}, "addFeatureToConfiguration": {"productName": 32.93775089931631, "configurationName": 32.96169310784647, "featureName": 32.985627247448235}, "deleteFeature": {"productName": 32.71583782762776, "configurationName": 32.73991715113528, "featureName": 32.763922002734546}, "getConfigurationActivedFeatures": {"productName": 24.456995548308925, "configurationName": 24.491511299043626}, "deleteConstraint": {"productName": -5.246863710260718, "constraintId": -5.2268807597571145}, "addRequiresConstraintToProduct": {"productName": 12.614096446362083, "sourceFeature": 12.678101372638624, "requiredFeature": 12.54126861432597}, "addExcludesConstraintToProduct": {"productName": 28.50630068672104, "sourceFeature": 27.850621620438112, "excludedFeature": 27.692479562765374}}, "q_value": {"getFeaturesForProduct": {"response": -1, "request": -1, "random": -3, "specification": -1, "default": 0}, "addFeatureToProduct": {"response": 0, "request": -3, "random": -69, "specification": 0, "default": 0}, "updateFeatureOfProduct": {"response": -8, "request": -94, "random": -236, "specification": -39, "default": 0}, "deleteFeatureOfProduct": {"response": -2, "request": -2, "random": -206, "specification": -1, "default": 0}, "getAllProducts": {"response": 3, "request": 5, "random": 255, "specification": 2, "default": 0}, "getProductByName": {"response": 0, "request": -2, "random": 32, "specification": -1, "default": 0}, "addProduct": {"response": 2, "request": 1, "random": 218, "specification": 0, "default": 0}, "deleteProductByName": {"response": 2, "request": -2, "random": 21, "specification": -1, "default": 0}, "getConfigurationWithNameForProduct": {"response": 1, "request": 2, "random": 188, "specification": 1, "default": 0}, "addConfiguration": {"response": -3, "request": -5, "random": -6, "specification": -3, "default": 0}, "deleteConfiguration": {"response": -1, "request": -2, "random": -176, "specification": 0, "default": 0}, "getConfigurationsForProduct": {"response": 2, "request": 0, "random": 248, "specification": 3, "default": 0}, "addFeatureToConfiguration": {"response": 0, "request": -5, "random": -243, "specification": -1, "default": 0}, "deleteFeature": {"response": -1, "request": -3, "random": -228, "specification": -3, "default": 0}, "getConfigurationActivedFeatures": {"response": -3, "request": -3, "random": -206, "specification": 0, "default": 0}, "deleteConstraint": {"response": 2, "request": 3, "random": 135, "specification": 1, "default": 0}, "addRequiresConstraintToProduct": {"response": -1, "request": -2, "random": -5, "specification": -1, "default": 0}, "addExcludesConstraintToProduct": {"response": 0, "request": -1, "random": -230, "specification": -2, "default": 0}}}