{"q_table": {"check": {"text": 45.937984727631346, "data": 46.19777391710429, "language": 46.33381219989776, "altLanguages": 45.830376828712915, "motherTongue": 45.55015931206899, "preferredVariants": 46.06280043197332, "enabledRules": 46.00433725600172, "disabledRules": 46.10015645975234, "enabledCategories": 46.069250770053024, "disabledCategories": 45.927456863873275, "enabledOnly": 45.99013798826471}, "languages": {}}, "q_value": {"check": {"response": -452, "request": -41, "random": -40, "specification": -39, "default": -38}, "languages": {"response": 449, "request": 10, "random": 6, "specification": 7, "default": 9}}}