{"q_table": {"getFeaturesForProduct": {"productName": 16.90758448597176}, "addFeatureToProduct": {"productName": 21.81523739188332, "featureName": 21.829011784876815, "description": 21.787051411156398}, "updateFeatureOfProduct": {"productName": 32.44394538497081, "featureName": 32.4794922093032, "description": 31.689921658580378}, "deleteFeatureOfProduct": {"productName": 33.94767370239307, "featureName": 33.98219460220419}, "getAllProducts": {}, "getProductByName": {"productName": 10.494274392383186}, "addProduct": {"productName": -4.755799893832942}, "deleteProductByName": {"productName": 12.843054315341579}, "getConfigurationWithNameForProduct": {"productName": -7.751363070363837, "configurationName": -7.750008237287811}, "addConfiguration": {"productName": 16.585371945690017, "configurationName": 16.60484585772884}, "deleteConfiguration": {"productName": 34.78438744493087, "configurationName": 34.81807717746592}, "getConfigurationsForProduct": {"productName": -8.834708786930655}, "addFeatureToConfiguration": {"productName": 35.90842242992191, "configurationName": 35.93161835496413, "featureName": 35.95344372676436}, "deleteFeature": {"productName": 35.7123821511843, "configurationName": 35.73421381418174, "featureName": 35.754998873420874}, "getConfigurationActivedFeatures": {"productName": 27.403137648696863, "configurationName": 27.44035435028917}, "deleteConstraint": {"productName": 2.043845218910438, "constraintId": 2.069658753497977}, "addRequiresConstraintToProduct": {"productName": 16.279253238234638, "sourceFeature": 16.436659295552964, "requiredFeature": 16.188552084572816}, "addExcludesConstraintToProduct": {"productName": 16.939125093095697, "sourceFeature": 17.168110513861084, "excludedFeature": 16.96944892834296}}, "q_value": {"getFeaturesForProduct": {"response": -88, "request": -6, "random": 0, "specification": -25, "default": 30}, "addFeatureToProduct": {"response": -3, "request": -1, "random": 0, "specification": 0, "default": -87}, "updateFeatureOfProduct": {"response": -2, "request": 0, "random": 0, "specification": -2, "default": -206}, "deleteFeatureOfProduct": {"response": -7, "request": 0, "random": 0, "specification": 0, "default": -223}, "getAllProducts": {"response": 2, "request": 0, "random": 0, "specification": 0, "default": 247}, "getProductByName": {"response": -5, "request": -2, "random": -1, "specification": 0, "default": 35}, "addProduct": {"response": 1, "request": 1, "random": 2, "specification": 1, "default": 196}, "deleteProductByName": {"response": -2, "request": -1, "random": -2, "specification": -1, "default": 7}, "getConfigurationWithNameForProduct": {"response": 3, "request": 1, "random": 1, "specification": 0, "default": 231}, "addConfiguration": {"response": -1, "request": 0, "random": 0, "specification": 0, "default": -34}, "deleteConfiguration": {"response": -3, "request": -1, "random": -1, "specification": 0, "default": -242}, "getConfigurationsForProduct": {"response": 3, "request": 0, "random": 1, "specification": 2, "default": 243}, "addFeatureToConfiguration": {"response": -5, "request": 0, "random": 0, "specification": 0, "default": -245}, "deleteFeature": {"response": -1, "request": -1, "random": 0, "specification": 0, "default": -245}, "getConfigurationActivedFeatures": {"response": -1, "request": -1, "random": -1, "specification": -1, "default": -151}, "deleteConstraint": {"response": 3, "request": 0, "random": 0, "specification": 3, "default": 123}, "addRequiresConstraintToProduct": {"response": -5, "request": 0, "random": 0, "specification": -1, "default": -11}, "addExcludesConstraintToProduct": {"response": -1, "request": -1, "random": 0, "specification": -3, "default": -21}}}