{"q_table": {"getFeaturesForProduct": {"productName": 19.586301381662818}, "addFeatureToProduct": {"productName": 21.39492701554713, "featureName": 21.40607914116547, "description": 21.47736649207065}, "updateFeatureOfProduct": {"productName": 29.390662424938693, "featureName": 29.426952871964563, "description": 28.766583720362156}, "deleteFeatureOfProduct": {"productName": 30.441771179148162, "featureName": 30.477972787443175}, "getAllProducts": {}, "getProductByName": {"productName": 11.408818952799312}, "addProduct": {"productName": -0.6942499836586843}, "deleteProductByName": {"productName": 13.601155567483595}, "getConfigurationWithNameForProduct": {"productName": -3.264442920657811, "configurationName": -3.2739166205092904}, "addConfiguration": {"productName": 17.587244873154194, "configurationName": 17.62284725681501}, "deleteConfiguration": {"productName": 31.789819898022547, "configurationName": 31.818731882363515}, "getConfigurationsForProduct": {"productName": -5.443115246219066}, "addFeatureToConfiguration": {"productName": 33.58649122037204, "configurationName": 33.61020109225808, "featureName": 33.63390898531296}, "deleteFeature": {"productName": 32.79865004273806, "configurationName": 32.822653972684826, "featureName": 32.84664636602498}, "getConfigurationActivedFeatures": {"productName": 26.865527779554384, "configurationName": 26.90088612314909}, "deleteConstraint": {"productName": 3.8662396072331155, "constraintId": 3.8878899925850265}, "addRequiresConstraintToProduct": {"productName": 16.712877924873276, "sourceFeature": 16.624939621028812, "requiredFeature": 16.70720286543209}, "addExcludesConstraintToProduct": {"productName": 17.163226575345952, "sourceFeature": 17.158477805474522, "excludedFeature": 16.913588062495844}}, "q_value": {"getFeaturesForProduct": {"response": -88, "request": -6, "random": 0, "specification": -25, "default": 14}, "addFeatureToProduct": {"response": -3, "request": -1, "random": 0, "specification": 0, "default": -74}, "updateFeatureOfProduct": {"response": -2, "request": 0, "random": 0, "specification": -2, "default": -164}, "deleteFeatureOfProduct": {"response": -7, "request": 0, "random": 0, "specification": 0, "default": -173}, "getAllProducts": {"response": 2, "request": 0, "random": 0, "specification": 0, "default": 200}, "getProductByName": {"response": -5, "request": -2, "random": -1, "specification": 0, "default": 31}, "addProduct": {"response": 1, "request": 1, "random": 2, "specification": 1, "default": 154}, "deleteProductByName": {"response": -2, "request": -1, "random": -2, "specification": -1, "default": 6}, "getConfigurationWithNameForProduct": {"response": 3, "request": 1, "random": 1, "specification": 0, "default": 183}, "addConfiguration": {"response": -1, "request": 0, "random": 0, "specification": 0, "default": -37}, "deleteConfiguration": {"response": -3, "request": -1, "random": -1, "specification": 0, "default": -195}, "getConfigurationsForProduct": {"response": 3, "request": 0, "random": 1, "specification": 2, "default": 206}, "addFeatureToConfiguration": {"response": -5, "request": 0, "random": 0, "specification": 0, "default": -210}, "deleteFeature": {"response": -1, "request": -1, "random": 0, "specification": 0, "default": -201}, "getConfigurationActivedFeatures": {"response": -1, "request": -1, "random": -1, "specification": -1, "default": -134}, "deleteConstraint": {"response": 3, "request": 0, "random": 0, "specification": 3, "default": 105}, "addRequiresConstraintToProduct": {"response": -5, "request": 0, "random": 0, "specification": -1, "default": -18}, "addExcludesConstraintToProduct": {"response": -1, "request": -1, "random": 0, "specification": -3, "default": -19}}}