{"q_table": {"check": {"text": 99.43722933935783, "data": 99.4374589707429, "language": 99.442822943001, "altLanguages": 99.43707742940599, "motherTongue": 99.439676625054, "preferredVariants": 99.43892955822291, "enabledRules": 99.43880409446871, "disabledRules": 99.43851564345836, "enabledCategories": 99.43930428025354, "disabledCategories": 99.43694823864259, "enabledOnly": 99.43917508191493}, "languages": {}}, "q_value": {"check": {"response": -37, "request": -37, "random": -5790, "specification": -37, "default": -36}, "languages": {"response": 16, "request": 9, "random": 5848, "specification": 3, "default": 7}}}