{"q_table": {"check": {"text": 99.45402425076469, "data": 99.46276824464508, "language": 99.46786461001628, "altLanguages": 99.46336857681037, "motherTongue": 99.46513643310453, "preferredVariants": 99.46215371445912, "enabledRules": 99.46009055528988, "disabledRules": 99.46017294792573, "enabledCategories": 99.46255977211281, "disabledCategories": 99.4633372581028, "enabledOnly": 99.46143542161738}, "languages": {}}, "q_value": {"check": {"response": -37, "request": -37, "random": -5861, "specification": -37, "default": -36}, "languages": {"response": 16, "request": 9, "random": 5914, "specification": 3, "default": 7}}}