{"q_table": {"check": {"text": 97.11386302058594, "data": 97.14681318905313, "language": 97.16052590656727, "altLanguages": 97.14378405246947, "motherTongue": 97.14718310290846, "preferredVariants": 97.1444631981375, "enabledRules": 97.13605288255204, "disabledRules": 97.14562633556994, "enabledCategories": 97.14060905763948, "disabledCategories": 97.1365776690919, "enabledOnly": 97.12889452356352}, "languages": {}}, "q_value": {"check": {"response": -37, "request": -37, "random": -3849, "specification": -37, "default": -36}, "languages": {"response": 16, "request": 9, "random": 3837, "specification": 3, "default": 7}}}