{"q_table": {"check": {"text": 85.14217014021466, "data": 85.37425213293915, "language": 85.43235827333103, "altLanguages": 85.34536980200828, "motherTongue": 85.44906128877143, "preferredVariants": 85.40415304267268, "enabledRules": 85.23303979276254, "disabledRules": 85.32081682593545, "enabledCategories": 85.37999103867078, "disabledCategories": 85.43005561383566, "enabledOnly": 85.39967445962053}, "languages": {}}, "q_value": {"check": {"response": -37, "request": -37, "random": -1887, "specification": -37, "default": -36}, "languages": {"response": 16, "request": 9, "random": 1863, "specification": 3, "default": 7}}}