{"q_table": {"getFeaturesForProduct": {"productName": 0.6689203038124465}, "addFeatureToProduct": {"productName": 12.274178520382904, "featureName": 12.276655592219955, "description": 12.467430182675555}, "updateFeatureOfProduct": {"productName": 15.127521761626756, "featureName": 15.132852330071271, "description": 15.18057634573552}, "deleteFeatureOfProduct": {"productName": 7.094646506698097, "featureName": 7.108489261556902}, "getAllProducts": {}, "getProductByName": {"productName": -1.9108492956588832}, "addProduct": {"productName": 2.5554899624871066}, "deleteProductByName": {"productName": 5.055063451711074}, "getConfigurationWithNameForProduct": {"productName": 5.210625206078506, "configurationName": 5.230081208921611}, "addConfiguration": {"productName": 11.41097414368141, "configurationName": 11.437429671764972}, "deleteConfiguration": {"productName": 8.195649772861346, "configurationName": 8.203733597083978}, "getConfigurationsForProduct": {"productName": -2.8944929223075757}, "addFeatureToConfiguration": {"productName": 12.582783550572042, "configurationName": 12.605012221058484, "featureName": 12.617274648251382}, "deleteFeature": {"productName": 13.711363134091238, "configurationName": 13.731883197581451, "featureName": 13.741177079614044}, "getConfigurationActivedFeatures": {"productName": 6.269001186374094, "configurationName": 6.279826566517341}, "deleteConstraint": {"productName": 8.717334373521313, "constraintId": 8.789187239960041}, "addRequiresConstraintToProduct": {"productName": 11.182462632265704, "sourceFeature": 11.615456365729816, "requiredFeature": 11.30225501538329}, "addExcludesConstraintToProduct": {"productName": 9.626839763840763, "sourceFeature": 9.98039457493271, "excludedFeature": 9.775564852687843}}, "q_value": {"getFeaturesForProduct": {"response": 0, "request": 0, "random": 0, "specification": 150, "default": 0}, "addFeatureToProduct": {"response": 0, "request": 0, "random": 0, "specification": 45, "default": 0}, "updateFeatureOfProduct": {"response": 0, "request": 0, "random": 0, "specification": 5, "default": 0}, "deleteFeatureOfProduct": {"response": 0, "request": 0, "random": 0, "specification": 81, "default": 0}, "getAllProducts": {"response": 0, "request": 0, "random": 0, "specification": 140, "default": 0}, "getProductByName": {"response": 0, "request": 0, "random": 0, "specification": 176, "default": 0}, "addProduct": {"response": 0, "request": 0, "random": 0, "specification": 128, "default": 0}, "deleteProductByName": {"response": 0, "request": 0, "random": 0, "specification": 101, "default": 0}, "getConfigurationWithNameForProduct": {"response": 0, "request": 0, "random": 0, "specification": 102, "default": 0}, "addConfiguration": {"response": 0, "request": 0, "random": 0, "specification": 36, "default": 0}, "deleteConfiguration": {"response": 0, "request": 0, "random": 0, "specification": 70, "default": 0}, "getConfigurationsForProduct": {"response": 0, "request": 0, "random": 0, "specification": 186, "default": 0}, "addFeatureToConfiguration": {"response": 0, "request": 0, "random": 0, "specification": 25, "default": 0}, "deleteFeature": {"response": 0, "request": 0, "random": 0, "specification": 15, "default": 0}, "getConfigurationActivedFeatures": {"response": 0, "request": 0, "random": 0, "specification": 91, "default": 0}, "deleteConstraint": {"response": 0, "request": 0, "random": 0, "specification": 69, "default": 0}, "addRequiresConstraintToProduct": {"response": 0, "request": 0, "random": 0, "specification": 70, "default": 0}, "addExcludesConstraintToProduct": {"response": 0, "request": 0, "random": 0, "specification": 85, "default": 0}}}