{"q_table": {"check": {"text": -98.97568478840246, "data": -98.9756768531058, "language": -98.98096917949592, "altLanguages": -98.97765461319348, "motherTongue": -98.97826466328003, "preferredVariants": -98.97679107512357, "enabledRules": -98.97671946348021, "disabledRules": -98.97859139876607, "enabledCategories": -98.97817606243733, "disabledCategories": -98.97755324402054, "enabledOnly": -98.97875409552566}, "languages": {}}, "q_value": {"check": {"response": 0, "request": 0, "random": 0, "specification": 11027, "default": 0}, "languages": {"response": 0, "request": 0, "random": 0, "specification": 11231, "default": 0}}}