{"q_table": {"getFeaturesForProduct": {"productName": 15.645892761574938}, "addFeatureToProduct": {"productName": 18.4770641364091, "featureName": 18.505857714990803, "description": 18.351553360834302}, "updateFeatureOfProduct": {"productName": 34.25788297270143, "featureName": 34.29192994091622, "description": 33.3305463089142}, "deleteFeatureOfProduct": {"productName": 34.791943086255685, "featureName": 34.824108987980786}, "getAllProducts": {}, "getProductByName": {"productName": 13.05288411432275}, "addProduct": {"productName": -7.804145237703856}, "deleteProductByName": {"productName": 13.92838591115583}, "getConfigurationWithNameForProduct": {"productName": -10.214801803128545, "configurationName": -10.214677796046175}, "addConfiguration": {"productName": 14.00018990001955, "configurationName": 14.026152808781038}, "deleteConfiguration": {"productName": 31.617002883603938, "configurationName": 31.650823140376396}, "getConfigurationsForProduct": {"productName": -11.058746066991171}, "addFeatureToConfiguration": {"productName": 35.93090396430681, "configurationName": 35.95413573254371, "featureName": 35.97632906162936}, "deleteFeature": {"productName": 36.2600486171645, "configurationName": 36.2828050517379, "featureName": 36.30555335133872}, "getConfigurationActivedFeatures": {"productName": 32.039677360154705, "configurationName": 32.075187652177846}, "deleteConstraint": {"productName": 0.3402887868654003, "constraintId": 0.3538860360993644}, "addRequiresConstraintToProduct": {"productName": 13.932545666635995, "sourceFeature": 14.27967612765152, "requiredFeature": 14.127852390503696}, "addExcludesConstraintToProduct": {"productName": 15.460519935524948, "sourceFeature": 15.349620803464662, "excludedFeature": 15.559787641945956}}, "q_value": {"getFeaturesForProduct": {"response": 19, "request": -14, "random": -1, "specification": -70, "default": 0}, "addFeatureToProduct": {"response": -49, "request": -1, "random": 0, "specification": -4, "default": 0}, "updateFeatureOfProduct": {"response": -236, "request": 0, "random": 0, "specification": -2, "default": 0}, "deleteFeatureOfProduct": {"response": -247, "request": -1, "random": 0, "specification": -3, "default": -1}, "getAllProducts": {"response": 274, "request": 1, "random": 0, "specification": 5, "default": 0}, "getProductByName": {"response": 0, "request": 0, "random": 0, "specification": 0, "default": 0}, "addProduct": {"response": 227, "request": 3, "random": 0, "specification": 5, "default": 0}, "deleteProductByName": {"response": -11, "request": -1, "random": 0, "specification": -1, "default": 0}, "getConfigurationWithNameForProduct": {"response": 264, "request": 0, "random": 0, "specification": 0, "default": 0}, "addConfiguration": {"response": -8, "request": 0, "random": 0, "specification": -4, "default": 0}, "deleteConfiguration": {"response": -199, "request": -2, "random": 0, "specification": -4, "default": 0}, "getConfigurationsForProduct": {"response": 268, "request": 3, "random": 0, "specification": 2, "default": 0}, "addFeatureToConfiguration": {"response": -245, "request": -1, "random": 0, "specification": -4, "default": 0}, "deleteFeature": {"response": -246, "request": -2, "random": -1, "specification": -3, "default": 0}, "getConfigurationActivedFeatures": {"response": -202, "request": -2, "random": 0, "specification": 0, "default": 0}, "deleteConstraint": {"response": 148, "request": 0, "random": 0, "specification": -1, "default": 0}, "addRequiresConstraintToProduct": {"response": 6, "request": -1, "random": 0, "specification": 0, "default": 0}, "addExcludesConstraintToProduct": {"response": -2, "request": -1, "random": 0, "specification": -2, "default": 0}}}