{"q_table": {"getFeaturesForProduct": {"productName": 17.78133379391243}, "addFeatureToProduct": {"productName": 17.964637871472732, "featureName": 17.971350478673536, "description": 18.06002006745092}, "updateFeatureOfProduct": {"productName": 30.949414069330253, "featureName": 30.985432464191547, "description": 30.251646090297932}, "deleteFeatureOfProduct": {"productName": 31.224713211332407, "featureName": 31.25938109487975}, "getAllProducts": {}, "getProductByName": {"productName": 14.272240124455687}, "addProduct": {"productName": -2.4028934525117727}, "deleteProductByName": {"productName": 14.503915901631782}, "getConfigurationWithNameForProduct": {"productName": -3.4673133397392495, "configurationName": -3.476420688596573}, "addConfiguration": {"productName": 16.26722720658473, "configurationName": 16.303289675139876}, "deleteConfiguration": {"productName": 28.509141730449244, "configurationName": 28.546031739431054}, "getConfigurationsForProduct": {"productName": -5.933300263920789}, "addFeatureToConfiguration": {"productName": 31.80540649035426, "configurationName": 31.829753546736022, "featureName": 31.854100769351124}, "deleteFeature": {"productName": 32.53640734287508, "configurationName": 32.56051301970398, "featureName": 32.58459794484792}, "getConfigurationActivedFeatures": {"productName": 28.498890350803592, "configurationName": 28.536306935491123}, "deleteConstraint": {"productName": 2.991582499326399, "constraintId": 3.0079014654030947}, "addRequiresConstraintToProduct": {"productName": 14.664574419630553, "sourceFeature": 14.827261314633013, "requiredFeature": 14.683930870285169}, "addExcludesConstraintToProduct": {"productName": 16.15825766730665, "sourceFeature": 16.258813466847645, "excludedFeature": 16.361698931130892}}, "q_value": {"getFeaturesForProduct": {"response": 7, "request": -14, "random": -1, "specification": -70, "default": 0}, "addFeatureToProduct": {"response": -39, "request": -1, "random": 0, "specification": -4, "default": 0}, "updateFeatureOfProduct": {"response": -186, "request": 0, "random": 0, "specification": -2, "default": 0}, "deleteFeatureOfProduct": {"response": -192, "request": -1, "random": 0, "specification": -3, "default": -1}, "getAllProducts": {"response": 204, "request": 1, "random": 0, "specification": 5, "default": 0}, "getProductByName": {"response": -4, "request": 0, "random": 0, "specification": 0, "default": 0}, "addProduct": {"response": 170, "request": 3, "random": 0, "specification": 5, "default": 0}, "deleteProductByName": {"response": -8, "request": -1, "random": 0, "specification": -1, "default": 0}, "getConfigurationWithNameForProduct": {"response": 191, "request": 0, "random": 0, "specification": 0, "default": 0}, "addConfiguration": {"response": -20, "request": 0, "random": 0, "specification": -4, "default": 0}, "deleteConfiguration": {"response": -153, "request": -2, "random": 0, "specification": -4, "default": 0}, "getConfigurationsForProduct": {"response": 212, "request": 3, "random": 0, "specification": 2, "default": 0}, "addFeatureToConfiguration": {"response": -185, "request": -1, "random": 0, "specification": -4, "default": 0}, "deleteFeature": {"response": -193, "request": -2, "random": -1, "specification": -3, "default": 0}, "getConfigurationActivedFeatures": {"response": -150, "request": -2, "random": 0, "specification": 0, "default": 0}, "deleteConstraint": {"response": 122, "request": 0, "random": 0, "specification": -1, "default": 0}, "addRequiresConstraintToProduct": {"response": 1, "request": -1, "random": 0, "specification": 0, "default": 0}, "addExcludesConstraintToProduct": {"response": -11, "request": -1, "random": 0, "specification": -2, "default": 0}}}