{"q_table": {"getFeaturesForProduct": {"productName": 21.62933786182468}, "addFeatureToProduct": {"productName": 19.86365374952303, "featureName": 19.890750077177398, "description": 20.04972227921644}, "updateFeatureOfProduct": {"productName": 30.466055968942864, "featureName": 30.501942894460495, "description": 29.87017540183652}, "deleteFeatureOfProduct": {"productName": 30.339985563225447, "featureName": 30.37601390150212}, "getAllProducts": {}, "getProductByName": {"productName": 16.035363707679565}, "addProduct": {"productName": -2.6146386318004704}, "deleteProductByName": {"productName": 13.800032879070642}, "getConfigurationWithNameForProduct": {"productName": 0.1250900012834113, "configurationName": 0.13753209561111673}, "addConfiguration": {"productName": 17.859361809780054, "configurationName": 17.882290698743198}, "deleteConfiguration": {"productName": 32.56714511174106, "configurationName": 32.60256891919584}, "getConfigurationsForProduct": {"productName": -2.495643320707521}, "addFeatureToConfiguration": {"productName": 33.118486089745545, "configurationName": 33.14208147890485, "featureName": 33.16394094819525}, "deleteFeature": {"productName": 32.64937856020425, "configurationName": 32.67342291582813, "featureName": 32.697463777479506}, "getConfigurationActivedFeatures": {"productName": 29.76300543192621, "configurationName": 29.795911324079853}, "deleteConstraint": {"productName": 4.7228752394603655, "constraintId": 4.748177706854322}, "addRequiresConstraintToProduct": {"productName": 17.111408475008076, "sourceFeature": 17.06783469075093, "requiredFeature": 17.282919354296965}, "addExcludesConstraintToProduct": {"productName": 15.268882048675934, "sourceFeature": 15.324400231040704, "excludedFeature": 15.253221772639904}}, "q_value": {"getFeaturesForProduct": {"response": -8, "request": -70, "random": 0, "specification": -51, "default": 0}, "addFeatureToProduct": {"response": 1, "request": -1, "random": -60, "specification": -2, "default": 0}, "updateFeatureOfProduct": {"response": -2, "request": -1, "random": -177, "specification": 0, "default": 0}, "deleteFeatureOfProduct": {"response": -3, "request": -1, "random": -172, "specification": 0, "default": 0}, "getAllProducts": {"response": 4, "request": 4, "random": 180, "specification": 0, "default": 0}, "getProductByName": {"response": -1, "request": -2, "random": -24, "specification": 0, "default": 0}, "addProduct": {"response": 2, "request": 3, "random": 174, "specification": 3, "default": 0}, "deleteProductByName": {"response": -1, "request": -2, "random": 2, "specification": -1, "default": 0}, "getConfigurationWithNameForProduct": {"response": 2, "request": 2, "random": 148, "specification": 1, "default": 0}, "addConfiguration": {"response": -2, "request": -1, "random": -40, "specification": 0, "default": 0}, "deleteConfiguration": {"response": -3, "request": -3, "random": -202, "specification": 0, "default": 0}, "getConfigurationsForProduct": {"response": 3, "request": 2, "random": 175, "specification": 1, "default": 0}, "addFeatureToConfiguration": {"response": -4, "request": -3, "random": -201, "specification": -1, "default": 0}, "deleteFeature": {"response": 0, "request": -3, "random": -198, "specification": 0, "default": 0}, "getConfigurationActivedFeatures": {"response": -1, "request": -2, "random": -166, "specification": -1, "default": 0}, "deleteConstraint": {"response": 1, "request": 3, "random": 99, "specification": -1, "default": 0}, "addRequiresConstraintToProduct": {"response": 2, "request": 0, "random": -28, "specification": -1, "default": 0}, "addExcludesConstraintToProduct": {"response": 1, "request": 0, "random": 7, "specification": -2, "default": 0}}}