{"q_table": {"getFeaturesForProduct": {"productName": 19.788876831454072}, "addFeatureToProduct": {"productName": 20.427942587511165, "featureName": 20.443380155361513, "description": 20.36890587590226}, "updateFeatureOfProduct": {"productName": 33.45784138055251, "featureName": 33.49277866598766, "description": 32.87908916824761}, "deleteFeatureOfProduct": {"productName": 35.09506716322689, "featureName": 35.129218695710136}, "getAllProducts": {}, "getProductByName": {"productName": 15.668152195249501}, "addProduct": {"productName": -6.191988182450282}, "deleteProductByName": {"productName": 14.163497344911427}, "getConfigurationWithNameForProduct": {"productName": -4.529864716063088, "configurationName": -4.515757841546342}, "addConfiguration": {"productName": 17.819475139897367, "configurationName": 17.83983116550871}, "deleteConfiguration": {"productName": 35.9093599510847, "configurationName": 35.94305292715604}, "getConfigurationsForProduct": {"productName": -7.1180541304765335}, "addFeatureToConfiguration": {"productName": 36.348403846481105, "configurationName": 36.371460071399625, "featureName": 36.39326964906944}, "deleteFeature": {"productName": 36.63885497152671, "configurationName": 36.66147616086735, "featureName": 36.68408927355548}, "getConfigurationActivedFeatures": {"productName": 33.01966799143281, "configurationName": 33.054376965599594}, "deleteConstraint": {"productName": 0.8844123335394161, "constraintId": 0.8714565580988327}, "addRequiresConstraintToProduct": {"productName": 15.603659974462584, "sourceFeature": 15.958665374420313, "requiredFeature": 15.868650871583863}, "addExcludesConstraintToProduct": {"productName": 14.899273524483663, "sourceFeature": 14.940659411845566, "excludedFeature": 14.783745244543098}}, "q_value": {"getFeaturesForProduct": {"response": -8, "request": -70, "random": 3, "specification": -51, "default": 0}, "addFeatureToProduct": {"response": 1, "request": -1, "random": -71, "specification": -2, "default": 0}, "updateFeatureOfProduct": {"response": -2, "request": -1, "random": -222, "specification": 0, "default": 0}, "deleteFeatureOfProduct": {"response": -3, "request": -1, "random": -240, "specification": 0, "default": 0}, "getAllProducts": {"response": 4, "request": 4, "random": 249, "specification": 0, "default": 0}, "getProductByName": {"response": -1, "request": -2, "random": -32, "specification": 0, "default": 0}, "addProduct": {"response": 2, "request": 3, "random": 212, "specification": 3, "default": 0}, "deleteProductByName": {"response": -1, "request": -2, "random": -11, "specification": -1, "default": 0}, "getConfigurationWithNameForProduct": {"response": 2, "request": 2, "random": 197, "specification": 1, "default": 0}, "addConfiguration": {"response": -2, "request": -1, "random": -49, "specification": 0, "default": 0}, "deleteConfiguration": {"response": -3, "request": -3, "random": -253, "specification": 0, "default": 0}, "getConfigurationsForProduct": {"response": 3, "request": 2, "random": 224, "specification": 1, "default": 0}, "addFeatureToConfiguration": {"response": -4, "request": -3, "random": -249, "specification": -1, "default": 0}, "deleteFeature": {"response": 0, "request": -3, "random": -255, "specification": 0, "default": 0}, "getConfigurationActivedFeatures": {"response": -1, "request": -2, "random": -215, "specification": -1, "default": 0}, "deleteConstraint": {"response": 1, "request": 3, "random": 136, "specification": -1, "default": 0}, "addRequiresConstraintToProduct": {"response": 2, "request": 0, "random": -13, "specification": -1, "default": 0}, "addExcludesConstraintToProduct": {"response": 1, "request": 0, "random": 2, "specification": -2, "default": 0}}}