{"q_table": {"check": {"text": 97.07911368177494, "data": 97.21384654424558, "language": 97.17025962023712, "altLanguages": 97.21677411060548, "motherTongue": 97.18979199346194, "preferredVariants": 97.22417199442943, "enabledRules": 97.1091212546172, "disabledRules": 97.14990305241334, "enabledCategories": 97.22093262695971, "disabledCategories": 97.0888695168936, "enabledOnly": 97.09743083161985}, "languages": {}}, "q_value": {"check": {"response": -37, "request": -37, "random": -37, "specification": -38, "default": -3806}, "languages": {"response": 12, "request": 6, "random": 19, "specification": 6, "default": 3864}}}