{"q_table": {"check": {"text": 99.3026096076478, "data": 99.32676089889978, "language": 99.3267028162619, "altLanguages": 99.32654140423352, "motherTongue": 99.32578041011274, "preferredVariants": 99.32828046139171, "enabledRules": 99.32788267659342, "disabledRules": 99.2833276027368, "enabledCategories": 99.3264872033593, "disabledCategories": 99.32747382764019, "enabledOnly": 99.32501239206327}, "languages": {}}, "q_value": {"check": {"response": -37, "request": -37, "random": -37, "specification": -38, "default": -5639}, "languages": {"response": 12, "request": 6, "random": 19, "specification": 6, "default": 5712}}}