{"q_table": {"check": {"text": 84.45533081721643, "data": 84.53361974460414, "language": 84.6138052111629, "altLanguages": 84.57371591738283, "motherTongue": 84.5120746999977, "preferredVariants": 84.53715303627601, "enabledRules": 84.56340953565946, "disabledRules": 84.54893649223736, "enabledCategories": 84.59681959681082, "disabledCategories": 84.5198808815609, "enabledOnly": 84.57026273468439}, "languages": {}}, "q_value": {"check": {"response": -37, "request": -37, "random": -37, "specification": -38, "default": -1829}, "languages": {"response": 12, "request": 6, "random": 19, "specification": 6, "default": 1901}}}