{"q_table": {"getFeaturesForProduct": {"productName": -10.69243997188715}, "addFeatureToProduct": {"productName": 15.955508843649696, "featureName": 15.989314207955312, "description": 15.87293914790148}, "updateFeatureOfProduct": {"productName": 35.115449782686625, "featureName": 35.14928447754104, "description": 34.59051099602961}, "deleteFeatureOfProduct": {"productName": 21.432388408806176, "featureName": 21.458817208240614}, "getAllProducts": {}, "getProductByName": {"productName": -9.766092978713885}, "addProduct": {"productName": -18.351099679828568}, "deleteProductByName": {"productName": -3.752015461118911}, "getConfigurationWithNameForProduct": {"productName": -19.347187842030692, "configurationName": -19.336072241463974}, "addConfiguration": {"productName": 10.521148418265696, "configurationName": 10.55141462616836}, "deleteConfiguration": {"productName": 21.179283227820356, "configurationName": 21.216946355630334}, "getConfigurationsForProduct": {"productName": -30.613689092628952}, "addFeatureToConfiguration": {"productName": 29.136763096202294, "configurationName": 29.162390209015577, "featureName": 29.18651732679107}, "deleteFeature": {"productName": 29.597822891652775, "configurationName": 29.623293631208217, "featureName": 29.648195538036166}, "getConfigurationActivedFeatures": {"productName": 16.19153381166853, "configurationName": 16.23409174461901}, "deleteConstraint": {"productName": -12.531231619598657, "constraintId": -12.508155103657469}, "addRequiresConstraintToProduct": {"productName": 8.412878774495415, "sourceFeature": 7.805723792246791, "requiredFeature": 8.413224372685415}, "addExcludesConstraintToProduct": {"productName": 7.391547252165889, "sourceFeature": 7.252297753968843, "excludedFeature": 7.439942118137423}}, "q_value": {"getFeaturesForProduct": {"response": 0, "request": -3, "random": 0, "specification": 21, "default": 0}, "addFeatureToProduct": {"response": 0, "request": 0, "random": 0, "specification": -82, "default": 0}, "updateFeatureOfProduct": {"response": -4, "request": -40, "random": -1, "specification": -289, "default": 0}, "deleteFeatureOfProduct": {"response": 0, "request": -2, "random": 0, "specification": -188, "default": -1}, "getAllProducts": {"response": 0, "request": 5, "random": 0, "specification": 264, "default": 1}, "getProductByName": {"response": 0, "request": -3, "random": 0, "specification": 17, "default": 1}, "addProduct": {"response": 0, "request": 3, "random": 0, "specification": 216, "default": 1}, "deleteProductByName": {"response": 0, "request": -1, "random": 0, "specification": 14, "default": 0}, "getConfigurationWithNameForProduct": {"response": 0, "request": 0, "random": 0, "specification": 205, "default": 0}, "addConfiguration": {"response": 0, "request": 1, "random": 0, "specification": -35, "default": 0}, "deleteConfiguration": {"response": 0, "request": -4, "random": 0, "specification": -177, "default": -1}, "getConfigurationsForProduct": {"response": 1, "request": 2, "random": 1, "specification": 237, "default": 0}, "addFeatureToConfiguration": {"response": 0, "request": -5, "random": 0, "specification": -228, "default": 0}, "deleteFeature": {"response": 0, "request": -3, "random": 0, "specification": -234, "default": 0}, "getConfigurationActivedFeatures": {"response": -1, "request": -2, "random": -1, "specification": -180, "default": 0}, "deleteConstraint": {"response": 0, "request": 2, "random": 0, "specification": 140, "default": 1}, "addRequiresConstraintToProduct": {"response": -1, "request": -1, "random": 0, "specification": 8, "default": 0}, "addExcludesConstraintToProduct": {"response": 0, "request": 1, "random": 1, "specification": 27, "default": 0}}}