{"q_table": {"getFeaturesForProduct": {"productName": -10.177622908369836}, "addFeatureToProduct": {"productName": 15.027425346261715, "featureName": 15.063136269275734, "description": 14.797964609918894}, "updateFeatureOfProduct": {"productName": 33.55282711800653, "featureName": 33.58771022489129, "description": 33.2140913929232}, "deleteFeatureOfProduct": {"productName": 19.925290288371013, "featureName": 19.966580366060143}, "getAllProducts": {}, "getProductByName": {"productName": -10.158132720990208}, "addProduct": {"productName": -16.087957640605154}, "deleteProductByName": {"productName": -3.3109548483145192}, "getConfigurationWithNameForProduct": {"productName": -17.15537414589602, "configurationName": -17.155274111636558}, "addConfiguration": {"productName": 10.725078567251403, "configurationName": 10.766434435322283}, "deleteConfiguration": {"productName": 19.3349831543068, "configurationName": 19.37728754394945}, "getConfigurationsForProduct": {"productName": -27.76646638825919}, "addFeatureToConfiguration": {"productName": 26.55897035271895, "configurationName": 26.585189649423647, "featureName": 26.61141250146273}, "deleteFeature": {"productName": 26.92911872891562, "configurationName": 26.955240822517617, "featureName": 26.98133569228673}, "getConfigurationActivedFeatures": {"productName": 13.983409284919954, "configurationName": 14.028616488754011}, "deleteConstraint": {"productName": -11.522728900185966, "constraintId": -11.51939016905182}, "addRequiresConstraintToProduct": {"productName": 8.419008044250395, "sourceFeature": 8.249986788846215, "requiredFeature": 8.53300527171732}, "addExcludesConstraintToProduct": {"productName": 6.5825895137531285, "sourceFeature": 6.710172804404882, "excludedFeature": 6.686368793408349}}, "q_value": {"getFeaturesForProduct": {"response": 0, "request": -3, "random": 0, "specification": 11, "default": 0}, "addFeatureToProduct": {"response": 0, "request": 0, "random": 0, "specification": -69, "default": 0}, "updateFeatureOfProduct": {"response": -4, "request": -40, "random": -1, "specification": -261, "default": 0}, "deleteFeatureOfProduct": {"response": 0, "request": -2, "random": 0, "specification": -166, "default": -1}, "getAllProducts": {"response": 0, "request": 5, "random": 0, "specification": 216, "default": 1}, "getProductByName": {"response": 0, "request": -3, "random": 0, "specification": 18, "default": 1}, "addProduct": {"response": 0, "request": 3, "random": 0, "specification": 187, "default": 1}, "deleteProductByName": {"response": 0, "request": -1, "random": 0, "specification": 8, "default": 0}, "getConfigurationWithNameForProduct": {"response": 0, "request": 0, "random": 0, "specification": 176, "default": 0}, "addConfiguration": {"response": 0, "request": 1, "random": 0, "specification": -35, "default": 0}, "deleteConfiguration": {"response": 0, "request": -4, "random": 0, "specification": -153, "default": -1}, "getConfigurationsForProduct": {"response": 1, "request": 2, "random": 1, "specification": 196, "default": 0}, "addFeatureToConfiguration": {"response": 0, "request": -5, "random": 0, "specification": -194, "default": 0}, "deleteFeature": {"response": 0, "request": -3, "random": 0, "specification": -198, "default": 0}, "getConfigurationActivedFeatures": {"response": -1, "request": -2, "random": -1, "specification": -154, "default": 0}, "deleteConstraint": {"response": 0, "request": 2, "random": 0, "specification": 125, "default": 1}, "addRequiresConstraintToProduct": {"response": -1, "request": -1, "random": 0, "specification": -2, "default": 0}, "addExcludesConstraintToProduct": {"response": 0, "request": 1, "random": 1, "specification": 32, "default": 0}}}