{"q_table": {"check": {"text": -56.52543055378097, "data": -56.581508818599865, "language": -56.698787155921686, "altLanguages": -56.602822592541656, "motherTongue": -56.55649450885922, "preferredVariants": -56.58076130146084, "enabledRules": -56.51835574610849, "disabledRules": -56.55090122204672, "enabledCategories": -56.56542976667093, "disabledCategories": -56.46848926356447, "enabledOnly": -56.58178299316642}, "languages": {}}, "q_value": {"check": {"response": 0, "request": 0, "random": 0, "specification": 1993, "default": 0}, "languages": {"response": 0, "request": 0, "random": 0, "specification": 2007, "default": 0}}}