{"q_table": {"check": {"text": -80.65239649710642, "data": -80.64805205995582, "language": -80.73870590697848, "altLanguages": -80.66994184108097, "motherTongue": -80.64256911144851, "preferredVariants": -80.65848311688042, "enabledRules": -80.66015474757461, "disabledRules": -80.63512964078363, "enabledCategories": -80.65489303915604, "disabledCategories": -80.67354564767525, "enabledOnly": -80.66244770379564}, "languages": {}}, "q_value": {"check": {"response": 0, "request": 0, "random": 0, "specification": 4002, "default": 0}, "languages": {"response": 0, "request": 0, "random": 0, "specification": 3998, "default": 0}}}