{"q_table": {"check": {"text": 98.98162740625227, "data": 98.98614547930899, "language": 98.99099420149854, "altLanguages": 98.98487891953512, "motherTongue": 98.98335545118456, "preferredVariants": 98.98403908140375, "enabledRules": 98.98535391431086, "disabledRules": 98.98544725147215, "enabledCategories": 98.98632973351127, "disabledCategories": 98.983933819344, "enabledOnly": 98.98463541269128}, "languages": {}}, "q_value": {"check": {"response": -8, "request": -8, "random": -8, "specification": -5656, "default": -9}, "languages": {"response": 40, "request": 46, "random": 23, "specification": 5675, "default": 25}}}