{"q_table": {"check": {"text": -54.33731765000897, "data": -54.290459447053166, "language": -54.42903492720512, "altLanguages": -54.146275076153145, "motherTongue": -54.27959529592808, "preferredVariants": -54.27221696824204, "enabledRules": -54.229438755809575, "disabledRules": -54.302493602068544, "enabledCategories": -54.25758696305856, "disabledCategories": -54.35419757359732, "enabledOnly": -54.19248956949267}, "languages": {}}, "q_value": {"check": {"response": 0, "request": 0, "random": 0, "specification": 0, "default": 0}, "languages": {"response": 0, "request": 0, "random": 0, "specification": 0, "default": 0}}}