{"q_table": {"check": {"text": 76.45699916822082, "data": 76.56510328524674, "language": 76.7113328276191, "altLanguages": 76.51886018989113, "motherTongue": 76.52523498583723, "preferredVariants": 76.59873515655919, "enabledRules": 76.53061050457266, "disabledRules": 76.49399322855899, "enabledCategories": 76.44584705560531, "disabledCategories": 76.54892810242842, "enabledOnly": 76.41023648817912}, "languages": {}}, "q_value": {"check": {"response": -8, "request": -8, "random": -8, "specification": -1898, "default": -9}, "languages": {"response": 40, "request": 46, "random": 23, "specification": 1893, "default": 25}}}