{"q_table": {"check": {"text": 95.48090633449121, "data": 95.48437701320624, "language": 95.54449176252223, "altLanguages": 95.49321351774788, "motherTongue": 95.5027370351293, "preferredVariants": 95.49471233998699, "enabledRules": 95.50139370082749, "disabledRules": 95.50120151708823, "enabledCategories": 95.51735596311957, "disabledCategories": 95.51103395979041, "enabledOnly": 95.50716985235167}, "languages": {}}, "q_value": {"check": {"response": -8, "request": -8, "random": -8, "specification": -3822, "default": -9}, "languages": {"response": 40, "request": 46, "random": 23, "specification": 3905, "default": 25}}}