{"q_table": {"getFeaturesForProduct": {"productName": 0.03856857692363276}, "addFeatureToProduct": {"productName": 12.598917733494838, "featureName": 12.627246353492769, "description": 12.402082506986153}, "updateFeatureOfProduct": {"productName": 38.697829468991195, "featureName": 38.729427742132245, "description": 38.41714018695001}, "deleteFeatureOfProduct": {"productName": 21.9225817275928, "featureName": 21.9635729731612}, "getAllProducts": {}, "getProductByName": {"productName": -3.106427407226366}, "addProduct": {"productName": -15.627903142749235}, "deleteProductByName": {"productName": 1.1413907790684057}, "getConfigurationWithNameForProduct": {"productName": -12.710876403585706, "configurationName": -12.699983385530189}, "addConfiguration": {"productName": 9.951658714053893, "configurationName": 9.99152136031352}, "deleteConfiguration": {"productName": 23.478566761196152, "configurationName": 23.511510510373174}, "getConfigurationsForProduct": {"productName": -20.92736311112953}, "addFeatureToConfiguration": {"productName": 28.913601249372963, "configurationName": 28.936400715558605, "featureName": 28.95919848606247}, "deleteFeature": {"productName": 30.913738231859586, "configurationName": 30.938415394204014, "featureName": 30.963080708221202}, "getConfigurationActivedFeatures": {"productName": 20.16778195538541, "configurationName": 20.208840358609486}, "deleteConstraint": {"productName": -2.472550986457415, "constraintId": -2.4554446298965753}, "addRequiresConstraintToProduct": {"productName": 11.01465952786895, "sourceFeature": 11.36496609787703, "requiredFeature": 11.30700720617621}, "addExcludesConstraintToProduct": {"productName": 8.215880285631606, "sourceFeature": 8.397045790007674, "excludedFeature": 8.256076006508975}}, "q_value": {"getFeaturesForProduct": {"response": 0, "request": -1, "random": 9, "specification": -4, "default": 0}, "addFeatureToProduct": {"response": 0, "request": 0, "random": -20, "specification": -2, "default": 0}, "updateFeatureOfProduct": {"response": -5, "request": -63, "random": -183, "specification": -72, "default": 0}, "deleteFeatureOfProduct": {"response": -1, "request": -3, "random": -165, "specification": -1, "default": 0}, "getAllProducts": {"response": 1, "request": 1, "random": 197, "specification": 0, "default": 0}, "getProductByName": {"response": -2, "request": -8, "random": 25, "specification": 1, "default": 0}, "addProduct": {"response": 1, "request": 3, "random": 192, "specification": 1, "default": 0}, "deleteProductByName": {"response": 0, "request": -3, "random": 36, "specification": -2, "default": 0}, "getConfigurationWithNameForProduct": {"response": 0, "request": 0, "random": 187, "specification": 2, "default": 0}, "addConfiguration": {"response": 0, "request": 0, "random": -2, "specification": -1, "default": 0}, "deleteConfiguration": {"response": 0, "request": -2, "random": -176, "specification": 0, "default": 0}, "getConfigurationsForProduct": {"response": 1, "request": 4, "random": 201, "specification": 1, "default": 0}, "addFeatureToConfiguration": {"response": 0, "request": -6, "random": -191, "specification": 0, "default": 0}, "deleteFeature": {"response": 0, "request": -4, "random": -205, "specification": -1, "default": 0}, "getConfigurationActivedFeatures": {"response": 0, "request": -4, "random": -154, "specification": -1, "default": 0}, "deleteConstraint": {"response": 1, "request": 1, "random": 107, "specification": -1, "default": 0}, "addRequiresConstraintToProduct": {"response": -1, "request": -2, "random": 8, "specification": -2, "default": 0}, "addExcludesConstraintToProduct": {"response": 0, "request": 0, "random": 45, "specification": -1, "default": 0}}}