{"q_table": {"getFeaturesForProduct": {"productName": -0.9501672877506493}, "addFeatureToProduct": {"productName": 13.005512442846694, "featureName": 13.03956688185243, "description": 12.75651373787977}, "updateFeatureOfProduct": {"productName": 40.352509562725785, "featureName": 40.38389232891231, "description": 40.02454029923906}, "deleteFeatureOfProduct": {"productName": 24.19071467703517, "featureName": 24.23025063325646}, "getAllProducts": {}, "getProductByName": {"productName": -2.9108962645381844}, "addProduct": {"productName": -18.282874552296512}, "deleteProductByName": {"productName": 0.42492964698393426}, "getConfigurationWithNameForProduct": {"productName": -14.836156924463141, "configurationName": -14.829304383558643}, "addConfiguration": {"productName": 9.499278303739436, "configurationName": 9.530564695706708}, "deleteConfiguration": {"productName": 25.775493614022434, "configurationName": 25.814532659581964}, "getConfigurationsForProduct": {"productName": -23.95331931215575}, "addFeatureToConfiguration": {"productName": 30.959901399588368, "configurationName": 30.984908775917553, "featureName": 31.009183941236035}, "deleteFeature": {"productName": 32.899109856325005, "configurationName": 32.92341769517983, "featureName": 32.946857949859215}, "getConfigurationActivedFeatures": {"productName": 21.759143619701007, "configurationName": 21.798528319563403}, "deleteConstraint": {"productName": -3.5650376909362507, "constraintId": -3.549283125175934}, "addRequiresConstraintToProduct": {"productName": 11.111679833332365, "sourceFeature": 11.45105350649002, "requiredFeature": 11.245321329488908}, "addExcludesConstraintToProduct": {"productName": 7.773782472636656, "sourceFeature": 7.890714545100881, "excludedFeature": 7.7617070180543}}, "q_value": {"getFeaturesForProduct": {"response": 0, "request": -1, "random": 19, "specification": -4, "default": 0}, "addFeatureToProduct": {"response": 0, "request": 0, "random": -27, "specification": -2, "default": 0}, "updateFeatureOfProduct": {"response": -5, "request": -63, "random": -209, "specification": -72, "default": 0}, "deleteFeatureOfProduct": {"response": -1, "request": -3, "random": -194, "specification": -1, "default": 0}, "getAllProducts": {"response": 1, "request": 1, "random": 227, "specification": 0, "default": 0}, "getProductByName": {"response": -2, "request": -8, "random": 24, "specification": 1, "default": 0}, "addProduct": {"response": 1, "request": 3, "random": 226, "specification": 1, "default": 0}, "deleteProductByName": {"response": 0, "request": -3, "random": 43, "specification": -2, "default": 0}, "getConfigurationWithNameForProduct": {"response": 0, "request": 0, "random": 213, "specification": 2, "default": 0}, "addConfiguration": {"response": 0, "request": 0, "random": 1, "specification": -1, "default": 0}, "deleteConfiguration": {"response": 0, "request": -2, "random": -205, "specification": 0, "default": 0}, "getConfigurationsForProduct": {"response": 1, "request": 4, "random": 240, "specification": 1, "default": 0}, "addFeatureToConfiguration": {"response": 0, "request": -6, "random": -219, "specification": 0, "default": 0}, "deleteFeature": {"response": 0, "request": -4, "random": -233, "specification": -1, "default": 0}, "getConfigurationActivedFeatures": {"response": 0, "request": -4, "random": -174, "specification": -1, "default": 0}, "deleteConstraint": {"response": 1, "request": 1, "random": 119, "specification": -1, "default": 0}, "addRequiresConstraintToProduct": {"response": -1, "request": -2, "random": 10, "specification": -2, "default": 0}, "addExcludesConstraintToProduct": {"response": 0, "request": 0, "random": 50, "specification": -1, "default": 0}}}