{"q_table": {"check": {"text": 86.15114282991563, "data": 86.22965361119158, "language": 86.36003357540332, "altLanguages": 86.23079234540918, "motherTongue": 86.23631372092443, "preferredVariants": 86.23707114684436, "enabledRules": 86.17157707655598, "disabledRules": 86.16737093319168, "enabledCategories": 86.25748898676571, "disabledCategories": 86.26614445862636, "enabledOnly": 86.2942074562585}, "languages": {}}, "q_value": {"check": {"response": -36, "request": -1921, "random": -38, "specification": -38, "default": -36}, "languages": {"response": 8, "request": 1842, "random": 10, "specification": 6, "default": 13}}}