{"q_table": {"check": {"text": 97.22329007140168, "data": 97.23078950394063, "language": 97.25436179986878, "altLanguages": 97.24074872931517, "motherTongue": 97.21181061694746, "preferredVariants": 97.22424211446429, "enabledRules": 97.23475803647727, "disabledRules": 97.23020901290137, "enabledCategories": 97.2330261778251, "disabledCategories": 97.22848787102956, "enabledOnly": 97.23431694695927}, "languages": {}}, "q_value": {"check": {"response": -36, "request": -3851, "random": -38, "specification": -38, "default": -36}, "languages": {"response": 8, "request": 3844, "random": 10, "specification": 6, "default": 13}}}