{"q_table": {"check": {"text": 99.30959206084388, "data": 99.31121796415518, "language": 99.31606707514662, "altLanguages": 99.30931628597395, "motherTongue": 99.31052181483398, "preferredVariants": 99.30959359541036, "enabledRules": 99.30879690464312, "disabledRules": 99.30905209782455, "enabledCategories": 99.31018686544623, "disabledCategories": 99.30789161214281, "enabledOnly": 99.31224202738551}, "languages": {}}, "q_value": {"check": {"response": -36, "request": -5588, "random": -38, "specification": -38, "default": -36}, "languages": {"response": 8, "request": 5680, "random": 10, "specification": 6, "default": 13}}}