{"q_table": {"check": {"text": 94.05040549329652, "data": 94.1402153119452, "language": 94.11921709446352, "altLanguages": 94.14680053268486, "motherTongue": 94.16052843838635, "preferredVariants": 94.1704834861811, "enabledRules": 94.08365630039388, "disabledRules": 94.12582947962164, "enabledCategories": 94.15800448998432, "disabledCategories": 94.03401160675668, "enabledOnly": 94.04636365155004}, "languages": {}}, "q_value": {"check": {"response": -6, "request": -3755, "random": -6, "specification": -9, "default": -6}, "languages": {"response": 58, "request": 3916, "random": 16, "specification": 38, "default": 44}}}