{"q_table": {"check": {"text": 98.63481624665839, "data": 98.75486627710612, "language": 98.69157983918987, "altLanguages": 98.75520551774538, "motherTongue": 98.75633965598499, "preferredVariants": 98.75572913846999, "enabledRules": 98.6581088693085, "disabledRules": 98.75419363432799, "enabledCategories": 98.61983709844908, "disabledCategories": 98.7557496998458, "enabledOnly": 98.75037836032293}, "languages": {}}, "q_value": {"check": {"response": -6, "request": -5662, "random": -6, "specification": -9, "default": -6}, "languages": {"response": 58, "request": 5978, "random": 16, "specification": 38, "default": 44}}}