{"q_table": {"check": {"text": -89.8774471210754, "data": -89.91287686083311, "language": -89.93533947084511, "altLanguages": -89.8957076192003, "motherTongue": -89.9104562187243, "preferredVariants": -89.8993682509099, "enabledRules": -89.90672262606174, "disabledRules": -89.90379760256258, "enabledCategories": -89.90735264551063, "disabledCategories": -89.91124710829699, "enabledOnly": -89.87062949641775}, "languages": {}}, "q_value": {"check": {"response": 0, "request": 0, "random": 0, "specification": 0, "default": 0}, "languages": {"response": 0, "request": 0, "random": 0, "specification": 0, "default": 0}}}