{"q_table": {"check": {"text": 67.98992928511106, "data": 68.10541589258219, "language": 68.38930056551638, "altLanguages": 67.99745757657266, "motherTongue": 67.89334193384994, "preferredVariants": 68.02386692791934, "enabledRules": 68.1448167590784, "disabledRules": 68.12618438924, "enabledCategories": 68.15938579576063, "disabledCategories": 68.19668321994202, "enabledOnly": 68.22865101280433}, "languages": {}}, "q_value": {"check": {"response": -6, "request": -1796, "random": -6, "specification": -9, "default": -6}, "languages": {"response": 58, "request": 1947, "random": 16, "specification": 38, "default": 44}}}