{"q_table": {"check": {"text": 98.73059206625486, "data": 98.72822518554494, "language": 98.74096573764908, "altLanguages": 98.72992114072107, "motherTongue": 98.72807323428816, "preferredVariants": 98.72460933065278, "enabledRules": 98.72349434646294, "disabledRules": 98.72547010869243, "enabledCategories": 98.72794095445299, "disabledCategories": 98.7300463240266, "enabledOnly": 98.72386629306548}, "languages": {}}, "q_value": {"check": {"response": -6, "request": -5643, "random": -6, "specification": -9, "default": -6}, "languages": {"response": 58, "request": 5964, "random": 16, "specification": 38, "default": 44}}}