{"q_table": {"check": {"text": -99.13114950691275, "data": -99.130486144607, "language": -99.13408856097041, "altLanguages": -99.13141165042367, "motherTongue": -99.13221034430234, "preferredVariants": -99.13232419408673, "enabledRules": -99.13181156333096, "disabledRules": -99.13283689398632, "enabledCategories": -99.13045814249418, "disabledCategories": -99.13194537878006, "enabledOnly": -99.13282397202786}, "languages": {}}, "q_value": {"check": {"response": 0, "request": 0, "random": 0, "specification": 11469, "default": 0}, "languages": {"response": 0, "request": 0, "random": 0, "specification": 11301, "default": 0}}}