{"q_table": {"check": {"text": -54.9673947806521, "data": -54.94934826450903, "language": -55.14226996371913, "altLanguages": -54.8845513827942, "motherTongue": -54.89051787700059, "preferredVariants": -54.842952311969526, "enabledRules": -54.952921945101394, "disabledRules": -54.88068612006689, "enabledCategories": -54.88436394557516, "disabledCategories": -55.031783402808614, "enabledOnly": -54.96469372144763}, "languages": {}}, "q_value": {"check": {"response": 0, "request": 0, "random": 0, "specification": 1970, "default": 0}, "languages": {"response": 0, "request": 0, "random": 0, "specification": 2030, "default": 0}}}