{"q_table": {"check": {"text": -80.85654299968252, "data": -80.79018776774515, "language": -80.9276895946395, "altLanguages": -80.85351740829596, "motherTongue": -80.85742198952285, "preferredVariants": -80.81329261213284, "enabledRules": -80.8431094033772, "disabledRules": -80.81377562862019, "enabledCategories": -80.85594617210263, "disabledCategories": -80.8220080351584, "enabledOnly": -80.83729816812557}, "languages": {}}, "q_value": {"check": {"response": 0, "request": 0, "random": 0, "specification": 4014, "default": 0}, "languages": {"response": 0, "request": 0, "random": 0, "specification": 3986, "default": 0}}}