{"q_table": {"check": {"text": 94.64593090918859, "data": 94.65225065921506, "language": 94.6750997328591, "altLanguages": 94.61845838105175, "motherTongue": 94.6569101824526, "preferredVariants": 94.65389198740804, "enabledRules": 94.64054276515317, "disabledRules": 94.62022670092902, "enabledCategories": 94.62807705790406, "disabledCategories": 94.6615609546723, "enabledOnly": 94.65759932994014}, "languages": {}}, "q_value": {"check": {"response": -10, "request": -10, "random": -3794, "specification": -10, "default": -9}, "languages": {"response": 23, "request": 47, "random": 3904, "specification": 20, "default": 43}}}