{"q_table": {"check": {"text": 98.78021519915887, "data": 98.85840779673619, "language": 98.82444412750824, "altLanguages": 98.855454394578, "motherTongue": 98.85548709582338, "preferredVariants": 98.85891172864663, "enabledRules": 98.85211018095909, "disabledRules": 98.85764244344014, "enabledCategories": 98.73575352779652, "disabledCategories": 98.85707526685003, "enabledOnly": 98.77202787637258}, "languages": {}}, "q_value": {"check": {"response": -10, "request": -10, "random": -5597, "specification": -10, "default": -9}, "languages": {"response": 23, "request": 47, "random": 5773, "specification": 20, "default": 43}}}