{"q_table": {"check": {"text": 69.62190896183355, "data": 69.7891442082963, "language": 69.97669979409389, "altLanguages": 69.89836485402114, "motherTongue": 69.58679324651702, "preferredVariants": 69.83418238375258, "enabledRules": 69.83634724155857, "disabledRules": 69.75438420296891, "enabledCategories": 69.79366937453024, "disabledCategories": 69.78008421762961, "enabledOnly": 69.79080480081467}, "languages": {}}, "q_value": {"check": {"response": -10, "request": -10, "random": -1824, "specification": -10, "default": -9}, "languages": {"response": 23, "request": 47, "random": 1944, "specification": 20, "default": 43}}}