{"q_table": {"check": {"text": -98.70934075243818, "data": -98.71092298897734, "language": -98.716055689247, "altLanguages": -98.71097371655013, "motherTongue": -98.71039561113399, "preferredVariants": -98.70878777891477, "enabledRules": -98.71132524138444, "disabledRules": -98.71109700308625, "enabledCategories": -98.71104173741759, "disabledCategories": -98.7128954339892, "enabledOnly": -98.70941167793043}, "languages": {}}, "q_value": {"check": {"response": 0, "request": 0, "random": 0, "specification": 10479, "default": 0}, "languages": {"response": 0, "request": 0, "random": 0, "specification": 10700, "default": 0}}}