{"q_table": {"getFeaturesForProduct": {"productName": 0.43097859260389565}, "addFeatureToProduct": {"productName": 15.183583362113561, "featureName": 15.214525903389735, "description": 15.031303157500323}, "updateFeatureOfProduct": {"productName": 37.329174727337296, "featureName": 37.3594214982719, "description": 36.62883004481197}, "deleteFeatureOfProduct": {"productName": 22.262121377932598, "featureName": 22.302768244302687}, "getAllProducts": {}, "getProductByName": {"productName": -3.1578477560147955}, "addProduct": {"productName": -12.63440280688612}, "deleteProductByName": {"productName": 1.9375069164779608}, "getConfigurationWithNameForProduct": {"productName": -14.106599376399698, "configurationName": -14.090015844249473}, "addConfiguration": {"productName": 9.081440695127672, "configurationName": 9.112822002996399}, "deleteConfiguration": {"productName": 23.931857244786165, "configurationName": 23.970073000465074}, "getConfigurationsForProduct": {"productName": -20.939362316014147}, "addFeatureToConfiguration": {"productName": 29.362358484154, "configurationName": 29.387867372988524, "featureName": 29.4128427049406}, "deleteFeature": {"productName": 29.112338915311643, "configurationName": 29.13822812906208, "featureName": 29.16191458292153}, "getConfigurationActivedFeatures": {"productName": 22.08063039581129, "configurationName": 22.121158701954453}, "deleteConstraint": {"productName": -3.6376209966691135, "constraintId": -3.608065869466124}, "addRequiresConstraintToProduct": {"productName": 10.362217706495587, "sourceFeature": 10.124876918965121, "requiredFeature": 10.261070890195711}, "addExcludesConstraintToProduct": {"productName": 11.02188743790655, "sourceFeature": 11.25888791691134, "excludedFeature": 11.141664470921308}}, "q_value": {"getFeaturesForProduct": {"response": 0, "request": -3, "random": 0, "specification": 5, "default": 0}, "addFeatureToProduct": {"response": 0, "request": -1, "random": 0, "specification": -47, "default": 0}, "updateFeatureOfProduct": {"response": 0, "request": -49, "random": 0, "specification": -256, "default": 0}, "deleteFeatureOfProduct": {"response": 0, "request": -2, "random": 0, "specification": -176, "default": 0}, "getAllProducts": {"response": 0, "request": 3, "random": 0, "specification": 211, "default": 0}, "getProductByName": {"response": 0, "request": 1, "random": 0, "specification": 15, "default": 0}, "addProduct": {"response": 0, "request": 3, "random": 0, "specification": 159, "default": 0}, "deleteProductByName": {"response": 0, "request": 3, "random": 0, "specification": 19, "default": 0}, "getConfigurationWithNameForProduct": {"response": 0, "request": 6, "random": 0, "specification": 199, "default": 0}, "addConfiguration": {"response": 0, "request": -3, "random": 0, "specification": 10, "default": 0}, "deleteConfiguration": {"response": 0, "request": -4, "random": 0, "specification": -180, "default": 0}, "getConfigurationsForProduct": {"response": 0, "request": 4, "random": 0, "specification": 203, "default": 0}, "addFeatureToConfiguration": {"response": 0, "request": -2, "random": 0, "specification": -200, "default": 0}, "deleteFeature": {"response": 0, "request": -7, "random": 0, "specification": -180, "default": 0}, "getConfigurationActivedFeatures": {"response": 0, "request": -6, "random": 0, "specification": -176, "default": 0}, "deleteConstraint": {"response": 0, "request": -2, "random": 0, "specification": 123, "default": 0}, "addRequiresConstraintToProduct": {"response": 0, "request": 2, "random": 0, "specification": 8, "default": 0}, "addExcludesConstraintToProduct": {"response": 0, "request": 0, "random": 0, "specification": 2, "default": 0}}}