{"q_table": {"getFeaturesForProduct": {"productName": 0.10952784683981032}, "addFeatureToProduct": {"productName": 15.710764891255954, "featureName": 15.745056306016094, "description": 15.287795725432693}, "updateFeatureOfProduct": {"productName": 39.31127161723275, "featureName": 39.340944799676535, "description": 38.98394793683572}, "deleteFeatureOfProduct": {"productName": 26.39317842611633, "featureName": 26.42979230550602}, "getAllProducts": {}, "getProductByName": {"productName": -3.8857706397787304}, "addProduct": {"productName": -16.770332092819167}, "deleteProductByName": {"productName": 1.966265404008477}, "getConfigurationWithNameForProduct": {"productName": -17.37947110328635, "configurationName": -17.374978061782695}, "addConfiguration": {"productName": 9.597203525213565, "configurationName": 9.633139078769576}, "deleteConfiguration": {"productName": 26.68683422398485, "configurationName": 26.721678212611074}, "getConfigurationsForProduct": {"productName": -25.24716746642734}, "addFeatureToConfiguration": {"productName": 33.31537391958767, "configurationName": 33.33938866413871, "featureName": 33.36304937155945}, "deleteFeature": {"productName": 32.28651672538276, "configurationName": 32.311389188184705, "featureName": 32.33395300286795}, "getConfigurationActivedFeatures": {"productName": 24.894480858542295, "configurationName": 24.932271038596703}, "deleteConstraint": {"productName": -6.2120303255375156, "constraintId": -6.196824462231921}, "addRequiresConstraintToProduct": {"productName": 9.996928243662198, "sourceFeature": 10.266113026152713, "requiredFeature": 10.219149102980268}, "addExcludesConstraintToProduct": {"productName": 11.459172331942867, "sourceFeature": 11.355830342749092, "excludedFeature": 11.37754712342437}}, "q_value": {"getFeaturesForProduct": {"response": 0, "request": -3, "random": 0, "specification": 8, "default": 0}, "addFeatureToProduct": {"response": 0, "request": -1, "random": 0, "specification": -57, "default": 0}, "updateFeatureOfProduct": {"response": 0, "request": -49, "random": 0, "specification": -291, "default": 0}, "deleteFeatureOfProduct": {"response": 0, "request": -2, "random": 0, "specification": -231, "default": 0}, "getAllProducts": {"response": 0, "request": 3, "random": 0, "specification": 268, "default": 0}, "getProductByName": {"response": 0, "request": 1, "random": 0, "specification": 24, "default": 0}, "addProduct": {"response": 0, "request": 3, "random": 0, "specification": 210, "default": 0}, "deleteProductByName": {"response": 0, "request": 3, "random": 0, "specification": 18, "default": 0}, "getConfigurationWithNameForProduct": {"response": 0, "request": 6, "random": 0, "specification": 239, "default": 0}, "addConfiguration": {"response": 0, "request": -3, "random": 0, "specification": 2, "default": 0}, "deleteConfiguration": {"response": 0, "request": -4, "random": 0, "specification": -218, "default": 0}, "getConfigurationsForProduct": {"response": 0, "request": 4, "random": 0, "specification": 259, "default": 0}, "addFeatureToConfiguration": {"response": 0, "request": -2, "random": 0, "specification": -256, "default": 0}, "deleteFeature": {"response": 0, "request": -7, "random": 0, "specification": -225, "default": 0}, "getConfigurationActivedFeatures": {"response": 0, "request": -6, "random": 0, "specification": -215, "default": 0}, "deleteConstraint": {"response": 0, "request": -2, "random": 0, "specification": 152, "default": 0}, "addRequiresConstraintToProduct": {"response": 0, "request": 2, "random": 0, "specification": 12, "default": 0}, "addExcludesConstraintToProduct": {"response": 0, "request": 0, "random": 0, "specification": -3, "default": 0}}}