{"q_table": {"check": {"text": -90.12892223056507, "data": -90.12674411275725, "language": -90.1605740939427, "altLanguages": -90.11607350166432, "motherTongue": -90.11756417589447, "preferredVariants": -90.10259245944114, "enabledRules": -90.12387167487948, "disabledRules": -90.10388043386712, "enabledCategories": -90.13970173354532, "disabledCategories": -90.11660366707149, "enabledOnly": -90.12812698396624}, "languages": {}}, "q_value": {"check": {"response": 0, "request": 0, "random": 0, "specification": 0, "default": 0}, "languages": {"response": 0, "request": 0, "random": 0, "specification": 0, "default": 0}}}