{"q_table": {"check": {"text": 94.57640310508769, "data": 94.53564169667143, "language": 94.62464693168354, "altLanguages": 94.59379762957846, "motherTongue": 94.5828104748047, "preferredVariants": 94.5718246097708, "enabledRules": 94.56978552436738, "disabledRules": 94.57994134094241, "enabledCategories": 94.53887397085646, "disabledCategories": 94.55943965972314, "enabledOnly": 94.56504834273876}, "languages": {}}, "q_value": {"check": {"response": -11, "request": -11, "random": -11, "specification": -3759, "default": -16}, "languages": {"response": 35, "request": 39, "random": 34, "specification": 3942, "default": 16}}}