{"q_table": {"check": {"text": 70.77950569325165, "data": 70.98774040844839, "language": 71.19985945309156, "altLanguages": 70.80736692871207, "motherTongue": 70.87785865654841, "preferredVariants": 71.02965713664338, "enabledRules": 70.82803511271385, "disabledRules": 70.88827589037356, "enabledCategories": 70.99269896113825, "disabledCategories": 70.86207432614866, "enabledOnly": 70.65472335663299}, "languages": {}}, "q_value": {"check": {"response": -11, "request": -11, "random": -11, "specification": -1868, "default": -16}, "languages": {"response": 35, "request": 39, "random": 34, "specification": 1891, "default": 16}}}