{"q_table": {"check": {"text": 98.8084286622434, "data": 98.8105589906443, "language": 98.81985911424022, "altLanguages": 98.81240262273025, "motherTongue": 98.81520357279062, "preferredVariants": 98.81292501520304, "enabledRules": 98.8087010796093, "disabledRules": 98.81035883459712, "enabledCategories": 98.81183745344383, "disabledCategories": 98.80970269439837, "enabledOnly": 98.80885108565515}, "languages": {}}, "q_value": {"check": {"response": -11, "request": -11, "random": -11, "specification": -5557, "default": -16}, "languages": {"response": 35, "request": 39, "random": 34, "specification": 5714, "default": 16}}}