{"q_table": {"getFeaturesForProduct": {"productName": 1.0842503896724394}, "addFeatureToProduct": {"productName": 15.24772584510512, "featureName": 15.258626140433186, "description": 15.32399056216121}, "updateFeatureOfProduct": {"productName": 40.078955861899594, "featureName": 40.10820701604935, "description": 39.69678462557054}, "deleteFeatureOfProduct": {"productName": 23.820218284407606, "featureName": 23.857415591684006}, "getAllProducts": {}, "getProductByName": {"productName": -2.5053623406402066}, "addProduct": {"productName": -15.87513075055733}, "deleteProductByName": {"productName": 1.442516770002607}, "getConfigurationWithNameForProduct": {"productName": -17.956300713469016, "configurationName": -17.948002205784796}, "addConfiguration": {"productName": 8.790186086256071, "configurationName": 8.806749144344282}, "deleteConfiguration": {"productName": 24.321984604358235, "configurationName": 24.355832973413442}, "getConfigurationsForProduct": {"productName": -22.095492544501912}, "addFeatureToConfiguration": {"productName": 31.134062318440265, "configurationName": 31.15864882777384, "featureName": 31.1832265592358}, "deleteFeature": {"productName": 32.138293702612934, "configurationName": 32.16252156826186, "featureName": 32.18674088167453}, "getConfigurationActivedFeatures": {"productName": 22.2115386176349, "configurationName": 22.25138227596094}, "deleteConstraint": {"productName": -6.0325152883644035, "constraintId": -6.0835796926351415}, "addRequiresConstraintToProduct": {"productName": 13.229328411912789, "sourceFeature": 13.030405103538133, "requiredFeature": 13.000349449165912}, "addExcludesConstraintToProduct": {"productName": 9.805379785856038, "sourceFeature": 9.421270428431209, "excludedFeature": 9.94073315440269}}, "q_value": {"getFeaturesForProduct": {"response": -1, "request": 0, "random": -8, "specification": -1, "default": 0}, "addFeatureToProduct": {"response": 0, "request": -3, "random": -50, "specification": 0, "default": 0}, "updateFeatureOfProduct": {"response": -31, "request": -56, "random": -210, "specification": -56, "default": 0}, "deleteFeatureOfProduct": {"response": 0, "request": -2, "random": -195, "specification": -1, "default": 0}, "getAllProducts": {"response": 0, "request": 3, "random": 253, "specification": 0, "default": 0}, "getProductByName": {"response": -2, "request": -3, "random": 14, "specification": -1, "default": 0}, "addProduct": {"response": 1, "request": 1, "random": 200, "specification": 0, "default": 0}, "deleteProductByName": {"response": -1, "request": 1, "random": 28, "specification": -1, "default": 0}, "getConfigurationWithNameForProduct": {"response": 1, "request": 2, "random": 248, "specification": 1, "default": 0}, "addConfiguration": {"response": 0, "request": -4, "random": 9, "specification": 0, "default": 0}, "deleteConfiguration": {"response": 0, "request": -3, "random": -191, "specification": 0, "default": 0}, "getConfigurationsForProduct": {"response": 2, "request": 3, "random": 218, "specification": 0, "default": 0}, "addFeatureToConfiguration": {"response": -1, "request": -1, "random": -222, "specification": 0, "default": 0}, "deleteFeature": {"response": -1, "request": 0, "random": -224, "specification": -1, "default": 0}, "getConfigurationActivedFeatures": {"response": -1, "request": -1, "random": -182, "specification": -1, "default": 0}, "deleteConstraint": {"response": 0, "request": 1, "random": 150, "specification": 0, "default": 0}, "addRequiresConstraintToProduct": {"response": 0, "request": 0, "random": -23, "specification": -1, "default": -1}, "addExcludesConstraintToProduct": {"response": -1, "request": -3, "random": 19, "specification": -1, "default": 0}}}