{"q_table": {"getFeaturesForProduct": {"productName": 1.0221876385349853}, "addFeatureToProduct": {"productName": 14.962908095183959, "featureName": 14.99184580417771, "description": 14.891938769959072}, "updateFeatureOfProduct": {"productName": 38.06250290908109, "featureName": 38.093590144257135, "description": 37.5660419898665}, "deleteFeatureOfProduct": {"productName": 21.944632258402432, "featureName": 21.985154261387123}, "getAllProducts": {}, "getProductByName": {"productName": -1.408928873067128}, "addProduct": {"productName": -12.700600796762904}, "deleteProductByName": {"productName": 2.3950115748170058}, "getConfigurationWithNameForProduct": {"productName": -15.212591792012429, "configurationName": -15.202119452919042}, "addConfiguration": {"productName": 10.6571424093221, "configurationName": 10.680493733390163}, "deleteConfiguration": {"productName": 22.927474301143544, "configurationName": 22.96493386717447}, "getConfigurationsForProduct": {"productName": -19.444273130336335}, "addFeatureToConfiguration": {"productName": 28.503001905628665, "configurationName": 28.528527756185987, "featureName": 28.55404449327437}, "deleteFeature": {"productName": 29.167172743883498, "configurationName": 29.192534200581843, "featureName": 29.21779749887095}, "getConfigurationActivedFeatures": {"productName": 20.53627374563876, "configurationName": 20.57807982582776}, "deleteConstraint": {"productName": -3.8293141103686485, "constraintId": -3.8238495512980686}, "addRequiresConstraintToProduct": {"productName": 12.27267093420149, "sourceFeature": 12.548843708140879, "requiredFeature": 12.669670065489042}, "addExcludesConstraintToProduct": {"productName": 9.634754918059725, "sourceFeature": 9.48451716339089, "excludedFeature": 9.76140791409902}}, "q_value": {"getFeaturesForProduct": {"response": -1, "request": 0, "random": -7, "specification": -1, "default": 0}, "addFeatureToProduct": {"response": 0, "request": -3, "random": -43, "specification": 0, "default": 0}, "updateFeatureOfProduct": {"response": -31, "request": -56, "random": -174, "specification": -56, "default": 0}, "deleteFeatureOfProduct": {"response": 0, "request": -2, "random": -169, "specification": -1, "default": 0}, "getAllProducts": {"response": 0, "request": 3, "random": 209, "specification": 0, "default": 0}, "getProductByName": {"response": -2, "request": -3, "random": 2, "specification": -1, "default": 0}, "addProduct": {"response": 1, "request": 1, "random": 162, "specification": 0, "default": 0}, "deleteProductByName": {"response": -1, "request": 1, "random": 19, "specification": -1, "default": 0}, "getConfigurationWithNameForProduct": {"response": 1, "request": 2, "random": 214, "specification": 1, "default": 0}, "addConfiguration": {"response": 0, "request": -4, "random": -7, "specification": 0, "default": 0}, "deleteConfiguration": {"response": 0, "request": -3, "random": -170, "specification": 0, "default": 0}, "getConfigurationsForProduct": {"response": 2, "request": 3, "random": 183, "specification": 0, "default": 0}, "addFeatureToConfiguration": {"response": -1, "request": -1, "random": -187, "specification": 0, "default": 0}, "deleteFeature": {"response": -1, "request": 0, "random": -184, "specification": -1, "default": 0}, "getConfigurationActivedFeatures": {"response": -1, "request": -1, "random": -160, "specification": -1, "default": 0}, "deleteConstraint": {"response": 0, "request": 1, "random": 125, "specification": 0, "default": 0}, "addRequiresConstraintToProduct": {"response": 0, "request": 0, "random": -15, "specification": -1, "default": -1}, "addExcludesConstraintToProduct": {"response": -1, "request": -3, "random": 18, "specification": -1, "default": 0}}}