{"q_table": {"check": {"text": 68.16893426071215, "data": 68.21840046904427, "language": 68.47653303869497, "altLanguages": 68.33125282665384, "motherTongue": 68.3681321530262, "preferredVariants": 68.27720244089598, "enabledRules": 68.33461363306118, "disabledRules": 68.39115588097057, "enabledCategories": 68.27814172990614, "disabledCategories": 68.25645780707518, "enabledOnly": 68.20664973674751}, "languages": {}}, "q_value": {"check": {"response": -1805, "request": -9, "random": -7, "specification": -8, "default": -7}, "languages": {"response": 1929, "request": 38, "random": 31, "specification": 63, "default": 11}}}