{"q_table": {"check": {"text": 98.50019000743953, "data": 98.52261230210793, "language": 98.52642560511191, "altLanguages": 98.51621337293918, "motherTongue": 98.5223688030204, "preferredVariants": 98.51953935421437, "enabledRules": 98.52205683216873, "disabledRules": 98.51497645560052, "enabledCategories": 98.5166712103044, "disabledCategories": 98.48855231991084, "enabledOnly": 98.51916894649463}, "languages": {}}, "q_value": {"check": {"response": -5570, "request": -9, "random": -7, "specification": -8, "default": -7}, "languages": {"response": 5860, "request": 38, "random": 31, "specification": 63, "default": 11}}}