{"q_table": {"check": {"text": 93.58183754124673, "data": 93.67938407067476, "language": 93.6517314495151, "altLanguages": 93.68248221811838, "motherTongue": 93.67671067335559, "preferredVariants": 93.68038212484964, "enabledRules": 93.55535847894707, "disabledRules": 93.67191660662982, "enabledCategories": 93.66865958030249, "disabledCategories": 93.66416011904317, "enabledOnly": 93.5853699583255}, "languages": {}}, "q_value": {"check": {"response": -3720, "request": -9, "random": -7, "specification": -8, "default": -7}, "languages": {"response": 3928, "request": 38, "random": 31, "specification": 63, "default": 11}}}