{"q_table": {"check": {"text": 99.48688865962379, "data": 99.48676183209943, "language": 99.49167330923011, "altLanguages": 99.48458098765617, "motherTongue": 99.48718169624192, "preferredVariants": 99.48814104811437, "enabledRules": 99.48739925832727, "disabledRules": 99.48490141787359, "enabledCategories": 99.48670331218135, "disabledCategories": 99.48508796025902, "enabledOnly": 99.48538895402964}, "languages": {}}, "q_value": {"check": {"response": -5757, "request": -36, "random": -35, "specification": -37, "default": -35}, "languages": {"response": 5905, "request": 14, "random": 12, "specification": 12, "default": 7}}}