{"q_table": {"check": {"text": 97.08998440797261, "data": 97.36027318047569, "language": 97.31372710235888, "altLanguages": 97.3170003249337, "motherTongue": 97.35788416572909, "preferredVariants": 97.35800380780074, "enabledRules": 97.2183380820572, "disabledRules": 97.17554803960525, "enabledCategories": 97.30055857795439, "disabledCategories": 97.28213375243271, "enabledOnly": 97.35291560265853}, "languages": {}}, "q_value": {"check": {"response": -3826, "request": -36, "random": -35, "specification": -37, "default": -35}, "languages": {"response": 3876, "request": 14, "random": 12, "specification": 12, "default": 7}}}