{"q_table": {"check": {"text": 85.28131865039497, "data": 85.3867231316108, "language": 85.4636834183074, "altLanguages": 85.38132800777112, "motherTongue": 85.37258857894847, "preferredVariants": 85.30533378426702, "enabledRules": 85.30407316948583, "disabledRules": 85.37484338456763, "enabledCategories": 85.29253673771524, "disabledCategories": 85.31558133048327, "enabledOnly": 85.33979770179883}, "languages": {}}, "q_value": {"check": {"response": -1854, "request": -36, "random": -35, "specification": -37, "default": -35}, "languages": {"response": 1896, "request": 14, "random": 12, "specification": 12, "default": 7}}}