{"q_table": {"check": {"text": 99.51040265378501, "data": 99.51102694945438, "language": 99.51307854894476, "altLanguages": 99.50948812254498, "motherTongue": 99.5096936389997, "preferredVariants": 99.51042332831098, "enabledRules": 99.51107983581987, "disabledRules": 99.50994189323825, "enabledCategories": 99.51033298873224, "disabledCategories": 99.51047435809988, "enabledOnly": 99.50992010831796}, "languages": {}}, "q_value": {"check": {"response": -5800, "request": -36, "random": -35, "specification": -37, "default": -35}, "languages": {"response": 5946, "request": 14, "random": 12, "specification": 12, "default": 7}}}