{"q_table": {"check": {"text": 98.70184888043393, "data": 98.69709309979746, "language": 98.70906457815536, "altLanguages": 98.70124683443503, "motherTongue": 98.70132337601378, "preferredVariants": 98.70159150173727, "enabledRules": 98.70180492153777, "disabledRules": 98.70535904017186, "enabledCategories": 98.6984463505824, "disabledCategories": 98.6981638649258, "enabledOnly": 98.69684211501324}, "languages": {}}, "q_value": {"check": {"response": -6, "request": -5616, "random": -6, "specification": -8, "default": -6}, "languages": {"response": 23, "request": 5934, "random": 41, "specification": 54, "default": 30}}}