{"q_table": {"check": {"text": 98.78635929247848, "data": 98.78571961737524, "language": 98.79484337588211, "altLanguages": 98.7858983730553, "motherTongue": 98.78326378576662, "preferredVariants": 98.78724310681444, "enabledRules": 98.78790552410993, "disabledRules": 98.78997021404871, "enabledCategories": 98.7849372526579, "disabledCategories": 98.788625429776, "enabledOnly": 98.78700720538005}, "languages": {}}, "q_value": {"check": {"response": -6, "request": -5698, "random": -6, "specification": -8, "default": -6}, "languages": {"response": 23, "request": 6007, "random": 41, "specification": 54, "default": 30}}}