{"q_table": {"check": {"text": 94.21203098468642, "data": 94.22154581891812, "language": 94.28570282822446, "altLanguages": 94.17931488930508, "motherTongue": 94.23279331169094, "preferredVariants": 94.24686457381178, "enabledRules": 94.19957234702201, "disabledRules": 94.21615875479226, "enabledCategories": 94.24174746126536, "disabledCategories": 94.20786211029395, "enabledOnly": 94.22839294300448}, "languages": {}}, "q_value": {"check": {"response": -6, "request": -3705, "random": -6, "specification": -8, "default": -6}, "languages": {"response": 23, "request": 3933, "random": 41, "specification": 54, "default": 30}}}