{"q_table": {"check": {"text": 68.6288409385796, "data": 69.10570730103683, "language": 68.89156175089832, "altLanguages": 68.91232028973343, "motherTongue": 69.03869077458698, "preferredVariants": 69.0086122922903, "enabledRules": 68.97637951368895, "disabledRules": 68.87410795382735, "enabledCategories": 69.01214984650501, "disabledCategories": 68.92845337807921, "enabledOnly": 68.8647979150062}, "languages": {}}, "q_value": {"check": {"response": -6, "request": -1794, "random": -6, "specification": -8, "default": -6}, "languages": {"response": 23, "request": 1906, "random": 41, "specification": 54, "default": 30}}}